id,system,bodyName
1,1,10 ARIETIS A 1
2,2,102 IOTA TAURI B 2 A
3,3,16 H ORIONIS ABC 2 C A
4,4,164 G. CANIS MAJORIS 5 C A
5,5,2MASS J10433563-5945136 1 A
6,5,2MASS J10433563-5945136 2 A
7,5,2MASS J10433563-5945136 2 B
8,6,2MASS J10433739-6005084 B 1 A
9,6,2MASS J10433739-6005084 B 2 D
10,7,2MASS J10444160-5947046 1 B
11,7,2MASS J10444160-5947046 2 B A
12,8,2MASS J14272268-5940166 C 1
13,8,2MASS J14272268-5940166 C 2
14,9,2MASS J14274501-5937518 A 5
15,9,2MASS J14274501-5937518 A 6 A
16,9,2MASS J14274501-5937518 A 6 B
17,10,2MASS J18171704-1659394 A 1
18,11,2MASS J18175838-1702401 4
19,12,2MASS J18181264-1654135 1 A
20,13,2MASS J18182881-1649403 A 6 C A
21,14,2MASS J18183883-1645311 B 3
22,15,2MASS J18202544-1636087 5 A
23,16,5 PUPPIS B 1
24,17,57 HYDRAE 8
25,18,64 VIRGINIS 4 C
26,19,70 G. CARINAE 10 C
27,19,70 G. CARINAE 6 A
28,20,72 TAURI 1 C A
29,21,ALAUNUS 10
30,22,ARIES DARK REGION AQ-Y D14 4 A
31,23,ARIES DARK REGION DB-X C1-2 B 1
32,24,ARIES DARK REGION DB-X C1-7 A 9 A
33,25,ARIES DARK REGION DB-X D1-63 A 7 A
34,26,ARIES DARK REGION DB-X D1-64 4 A
35,27,ARIES DARK REGION FW-W D1-59 A 5 A
36,28,ARIES DARK REGION FW-W D1-76 4 A
37,29,ARIES DARK REGION GW-W D1-48 6 A
38,30,ARIES DARK REGION GW-W D1-86 1 B
39,31,ARIES DARK REGION HR-W C1-1 8 C
40,32,ARIES DARK REGION HR-W D1-34 2 A
41,33,ARIES DARK REGION HR-W D1-44 B 2 A
42,34,ARIES DARK REGION HR-W D1-53 7 A
43,35,ARIES DARK REGION HR-W D1-54 2 C A
44,36,ARIES DARK REGION IH-V C2-9 6 B
45,37,ARIES DARK REGION IM-V C2-5 12 A
46,38,ARIES DARK REGION JC-V C2-6 A 4 A
47,39,ARIES DARK REGION JS-T C3-1 1 A
48,40,ARIES DARK REGION JW-W C1-4 7 A
49,41,ARIES DARK REGION KH-V C2-4 7 A
50,42,ARIES DARK REGION MS-T C3-15 1 A
51,43,ARIES DARK REGION MS-T C3-2 A 1 A
52,44,ARIES DARK REGION MS-T C3-8 A 9 A
53,44,ARIES DARK REGION MS-T C3-8 A 9 B
54,44,ARIES DARK REGION MS-T C3-8 A 9 C
55,44,ARIES DARK REGION MS-T C3-8 A 9 D
56,45,ARIES DARK REGION MX-U C2-10 1 C
57,46,ARIES DARK REGION MX-U C2-8 A 7 A
58,47,ARIES DARK REGION NN-T C3-12 1 D
59,48,ARIES DARK REGION OD-S B4-1 A 3
60,49,ARIES DARK REGION OI-T C3-8 1 A
61,50,ARIES DARK REGION PY-R B4-1 A 4 A
62,51,ARIES DARK REGION VT-R B4-0 A 6
63,52,ASSAIPY LD-K D8-71 2 B
64,53,ATHAIR YO-I D9-272 2 C A
65,54,AUCOKS HC-U B33-0 3 B
66,55,BALIE A 1 C A
67,56,BAULOO LX-U E2-17 D 14 B
68,57,BD-11 4932 1
69,58,BD-12 1172 1
70,58,BD-12 1172 2
71,58,BD-12 1172 4
72,58,BD-12 1172 7
73,59,BD+38 2037 A 1
74,60,BELAAKO AB 1 C A
75,61,BHOTHO AB 1 A
76,62,BLAA EAEC NL-L C9-136 B 5 A
77,63,BLAA HYPAI CZ-D C13-0 8 B
78,63,BLAA HYPAI CZ-D C13-0 8 C
79,64,BLAA HYPAI DD-I B26-0 B 4 A
80,65,BLAA HYPAI DZ-D C13-1 B 6 A
81,66,BLAA HYPAI EU-D C13-0 B 4
82,67,BLAA HYPAI GG-V C3-4 3
83,68,BLAA HYPAI HW-V D2-6 1 B
84,69,BLAA HYPAI LZ-F B27-0 A 2
85,69,BLAA HYPAI LZ-F B27-0 A 5
86,70,BLAA HYPAI OZ-O D6-0 5 A
87,71,BLAA HYPAI OZ-O D6-16 4 C
88,72,BLAA HYPAI UO-L B10-1 1 C
89,73,BLAA HYPAI XR-I B26-0 A 3
90,74,BLAE DRYE DF-I B57-6 1
91,75,BLAE DRYE PE-E D13-6 4 A
92,75,BLAE DRYE PE-E D13-6 4 B
93,76,BLAE DRYE PP-A C29-7 3 C
94,77,BLAE DRYE VM-G B58-13 D 1
95,77,BLAE DRYE VM-G B58-13 D 2
96,77,BLAE DRYE VM-G B58-13 D 3
97,78,BLAE DRYE WU-O E6-3 B 1
98,79,BLAE DRYE XU-O E6-22 2
99,80,BLAE EORK IF-G C27-13 A 1
100,81,BLAE EORK QU-D D13-3 3
101,82,BLAE EORK RK-C D14-15 7 A
102,82,BLAE EORK RK-C D14-15 8 C
103,83,BLAE EORK RU-D D13-17 1 A
104,84,BLAE EORK RU-D D13-20 5 A
105,84,BLAE EORK RU-D D13-20 5 D
106,84,BLAE EORK RU-D D13-20 7 A
107,85,BLAE EORK UL-J B56-1 A 2
108,85,BLAE EORK UL-J B56-1 A 3
109,86,BLAE HYPUE SW-E B28-1 1 B
110,87,BLAU AED GW-T D4-9 A 4 B A
111,88,BLEAE THUA CA-L C10-1 1
112,88,BLEAE THUA CA-L C10-1 4
113,88,BLEAE THUA CA-L C10-1 6 B
114,88,BLEAE THUA CA-L C10-1 6 G
115,88,BLEAE THUA CA-L C10-1 7 D A
116,89,BLEAE THUA HL-E B13-1 5 B
117,90,BLEAE THUA ME-U B44-0 2
118,91,BLEAE THUA NZ-G B55-0 2 E
119,92,BLEAE THUA ZW-A C27-15 3 B
120,93,BLEETHOAE CM-C D13-208 7 A
121,94,BLEIA DRYIAE AC-S D5-114 C 1
122,95,BLEIA DRYIAE EK-C D14-102 3 C
123,95,BLEIA DRYIAE EK-C D14-102 4 A
124,96,BLEIA DRYIAE EK-C D14-18 4 A
125,97,BLEIA DRYIAE HN-S E4-37 B 1
126,98,BLEIA DRYIAE MA-M B54-8 B 1 A
127,99,BLEIA DRYIAE UP-F B44-1 C 1
128,100,BLEIA EOHN TK-C C27-0 A 3
129,100,BLEIA EOHN TK-C C27-0 A 4 A
130,100,BLEIA EOHN TK-C C27-0 A 4 D
131,100,BLEIA EOHN TK-C C27-0 A 5 A
132,101,BLO AESCS UL-L B41-1 C 4 A
133,102,BLO AESCS YY-A D80 1 C A
134,103,BLODES A 2
135,104,BLU EUQ BM-C D13-24 AB 1 A
136,104,BLU EUQ BM-C D13-24 ABC 1 C A
137,105,BLU THUA AE-T B3-5 1
138,105,BLU THUA AE-T B3-5 5 A
139,106,BLU THUA BR-U C16-0 A 2 A
140,107,BLU THUA EM-K B22-2 AB 1 A
141,107,BLU THUA EM-K B22-2 ABC 2 A
142,108,BLU THUA EW-T B17-5 3 A
143,109,BLU THUA GB-O C6-9 C 1
144,110,BLU THUA GI-B B55-2 4 A
145,111,BLU THUA HR-N D6-60 A 5 A
146,112,BLU THUA JS-M B35-2 3
147,113,BLU THUA KF-K B36-1 1
148,114,BLU THUA LF-M C21-11 A 1
149,115,BLU THUA MA-W B29-3 A 9 A
150,116,BLU THUA NL-F B11-5 A 4 A
151,116,BLU THUA NL-F B11-5 A 4 B
152,117,BLU THUA NN-J B9-2 A 6 C
153,118,BLU THUA OO-X D2-1 1 A
154,119,BLU THUA TS-X C28-6 3
155,120,BLUA EAEC MM-M C23-188 BC 1 A
156,121,BOELTS YK-X E1-626 5
157,122,BOEPP XA-D D13-2289 B 8 E
158,123,BOEPP XA-D D13-2791 7 D
159,124,BOEPP ZK-O E6-226 15 C A
160,125,BOEWNST HN-S E4-325 A 6 D A
161,126,BOEWNST TG-J D10-1066 3 A
162,127,BRESTLA A 14 C A
163,128,BUBBLE SECTOR LX-T B3-1 1 A
164,129,BYAA FLEE MT-N C21-0 C 3 A
165,129,BYAA FLEE MT-N C21-0 D 1
166,130,BYAE AOWSY GR-N D6-52 4 D A
167,131,BYEIA EUR BA-A G3 1
168,132,BYEIA EURK AS-J C22-43 2
169,133,BYEIA EURK IP-X C2-2 A 2 A
170,133,BYEIA EURK IP-X C2-2 A 2 G
171,134,BYEIA EURK JJ-M B10-0 B 1
172,135,BYEIA EURK LM-O B38-0 B 1
173,136,BYEIA EURK RS-S D4-8 B 2
174,137,BYEIA EURK UJ-Z B33-0 A 1
175,138,BYEIA TRAA BD-C C13-0 A 1
176,139,BYEIA TRAA EQ-W C15-0 2 C
177,140,BYOI AIP VA-E D12-143 4 B
178,141,BYOI THUA BU-R D4-32 AB 7 A A
179,142,BYOI THUA FY-F D12-0 4 D A
180,143,BYOI THUA JI-J D9-9 2 E A
181,144,BYOO BRE KS-S D4-0 C 3
182,145,BYOOE CHRAEA JL-P D5-1 B 2 A
183,146,BYOOMI LT-O D7-4801 6 B
184,146,BYOOMI LT-O D7-4801 7 A
185,146,BYOOMI LT-O D7-4801 8 C
186,147,BYUA AIM HY-F D12-1322 3 C A
187,148,BYUA AIM MX-K D8-4056 1 B
188,149,BYUA AIM TE-W C16-130 3 D A
189,150,BYUA EUQ CX-O B8-2 2 D
190,151,BYUA EUQ DV-N B7-8 1 A
191,152,BYUA EUQ KQ-P D5-70 A 4 A
192,153,CALIFORNIA SECTOR BA-A E6 4
193,154,CALIFORNIA SECTOR DL-Y D4 C 2
194,154,CALIFORNIA SECTOR DL-Y D4 C 3
195,154,CALIFORNIA SECTOR DL-Y D4 C 4
196,154,CALIFORNIA SECTOR DL-Y D4 C 5
197,154,CALIFORNIA SECTOR DL-Y D4 C 6
198,155,CALIFORNIA SECTOR HR-W D1-28 2
199,156,CALIFORNIA SECTOR JH-V C2-12 6
200,157,CALIFORNIA SECTOR LC-V C2-10 A 3
201,157,CALIFORNIA SECTOR LC-V C2-10 A 4
202,157,CALIFORNIA SECTOR LC-V C2-10 A 5
203,157,CALIFORNIA SECTOR LC-V C2-10 A 6
204,157,CALIFORNIA SECTOR LC-V C2-10 A 7
205,157,CALIFORNIA SECTOR LC-V C2-10 B 1
206,158,CAT'S PAW SECTOR LS-T B3-5 1
207,159,CAVE SECTOR FB-X C1-3 1 A
208,160,CAVE SECTOR JH-V C2-8 A 1 A
209,161,CD-24 13810 A 4
210,162,CD-24 13823D 6 A
211,163,CD-24 13844 B 3
212,164,CD-26 1339 B 1 A A
213,165,CD-39 6137 2
214,166,CD-41 11037 10 B A
215,167,CEPHEI SECTOR NX-U B2-0 B 5
216,168,CHAEA THAA EV-G D10-0 C 1
217,169,CHAEA THUA ZP-F C11-1 B 1
218,169,CHAEA THUA ZP-F C11-1 B 3
219,169,CHAEA THUA ZP-F C11-1 B 5
220,169,CHAEA THUA ZP-F C11-1 C 1
221,169,CHAEA THUA ZP-F C11-1 C 2
222,170,CHALUIA EK-B C15-0 5 B
223,171,CHARICK DRIFT A
224,172,CHI HYDRAE A 10 A
225,172,CHI HYDRAE A 10 C A
226,172,CHI HYDRAE A 4 A
227,172,CHI HYDRAE A 5
228,172,CHI HYDRAE A 7
229,172,CHI HYDRAE A 8 B A
230,172,CHI HYDRAE A 9 A
231,172,CHI HYDRAE A 9 B
232,173,CHI PERSEI SECTOR IX-S D4-57 9 B A
233,174,CHO EUR OM-W D1-15 B 1
234,175,CHONA 1
235,176,CHRAISAO FF-A D12 8 E A
236,177,CHRAISOAE HC-M D7-14 B 4 A
237,177,CHRAISOAE HC-M D7-14 B 4 B
238,178,CHRAISOU AK-R D4-41 AB 1 A
239,179,CHRAISUAE NF-Q C5-1 2 B
240,180,CHRAISUAE UD-T D3-1 5 A
241,181,CHREETAA PP-B B0 4 B
242,182,CHU THUA HS-J B36-0 C 1
243,183,CLOOKEOU RF-D D13-84 2 A
244,184,CLOOKEOU VL-B D14-114 2 A
245,185,CLOOKEOU VL-B D14-121 ABCD 1 A A
246,186,CLOOKUIA AW-V B16-0 B 3 A
247,187,CLOOKUIA FX-S C17-0 6 A
248,188,CLOOKUIA IZ-L B35-0 2 A
249,189,CLOOKUIA LT-T C3-3 B 1
250,190,CLOOKUIA MI-K D8-2 E 2
251,190,CLOOKUIA MI-K D8-2 E 3
252,191,CLOOKUIA OI-K D8-8 1 C A
253,192,COALSACK DARK REGION YJ-A D57 5 A A
254,193,COALSACK SECTOR TO-R C4-9 A 1
255,193,COALSACK SECTOR TO-R C4-9 A 4
256,194,COELACHI 3 D
257,195,COL 132 SECTOR GH-V E2-13 7 E A
258,196,COL 132 SECTOR IN-S D4-64 5 A
259,197,COL 132 SECTOR LJ-O B36-3 B 2 A
260,198,COL 132 SECTOR NT-Q D5-51 3 D
261,199,COL 132 SECTOR UB-R C19-5 D 3
262,200,COL 132 SECTOR WD-N B9-1 A 1 A
263,201,COL 135 SECTOR BC-K B9-0 C 2 A
264,202,COL 135 SECTOR DL-N B7-0 1
265,203,COL 135 SECTOR FR-V C2-19 3
266,204,COL 135 SECTOR LC-V D2-62 1 C
267,205,COL 135 SECTOR RO-Q C5-5 C 4 A
268,206,COL 135 SECTOR RO-Q C5-7 E 1
269,207,COL 135 SECTOR TU-O C6-15 A 3
270,207,COL 135 SECTOR TU-O C6-15 D 1
271,208,COL 135 SECTOR TU-O C6-8 4
272,209,COL 135 SECTOR UU-O C6-2 A 1
273,210,COL 140 SECTOR IH-V D2-44 1 D A
274,211,COL 173 SECTOR AB-N D7-34 B 3
275,212,COL 173 SECTOR AI-H C11-22 B 1
276,213,COL 173 SECTOR AP-Q B21-2 A 8
277,213,COL 173 SECTOR AP-Q B21-2 B 4
278,214,COL 173 SECTOR AU-Y B30-2 B 4
279,215,COL 173 SECTOR AV-N B23-5 A 2
280,216,COL 173 SECTOR AY-F C12-0 A 1
281,217,COL 173 SECTOR BH-K B25-8 B 3
282,218,COL 173 SECTOR BH-L D8-72 B 5 A
283,219,COL 173 SECTOR BN-Y C15-3 A 3 A
284,220,COL 173 SECTOR BO-F C12-24 A 3
285,221,COL 173 SECTOR BV-M B24-10 B 1
286,221,COL 173 SECTOR BV-M B24-10 B 2
287,222,COL 173 SECTOR BV-M B24-7 A 3 A
288,223,COL 173 SECTOR BV-O D6-55 6 A
289,224,COL 173 SECTOR BX-I C10-7 B 2
290,224,COL 173 SECTOR BX-I C10-7 B 3
291,225,COL 173 SECTOR CC-K B25-8 A 5
292,226,COL 173 SECTOR CG-M B24-8 A 4
293,226,COL 173 SECTOR CG-M B24-8 A 5
294,227,COL 173 SECTOR CH-L D8-14 D 1
295,227,COL 173 SECTOR CH-L D8-14 D 3
296,228,COL 173 SECTOR CI-Y C15-1 B 6 A
297,229,COL 173 SECTOR DG-M B24-4 A 2
298,229,COL 173 SECTOR DG-M B24-4 B 1
299,229,COL 173 SECTOR DG-M B24-4 B 2
300,229,COL 173 SECTOR DG-M B24-4 B 3
301,229,COL 173 SECTOR DG-M B24-4 B 4
302,230,COL 173 SECTOR DG-M B24-5 A 2 A
303,230,COL 173 SECTOR DG-M B24-5 B 5
304,230,COL 173 SECTOR DG-M B24-5 B 6
305,231,COL 173 SECTOR DH-K B25-2 A 5
306,231,COL 173 SECTOR DH-K B25-2 A 7
307,232,COL 173 SECTOR DK-Y B30-2 A 2
308,232,COL 173 SECTOR DK-Y B30-2 A 3
309,233,COL 173 SECTOR DM-U D3-82 A 2 A
310,234,COL 173 SECTOR DO-F C12-4 A 1
311,235,COL 173 SECTOR DZ-D C13-2 12 A
312,236,COL 173 SECTOR EC-K B25-0 6
313,237,COL 173 SECTOR EC-L D8-54 1 C
314,238,COL 173 SECTOR EM-L D8-69 B 2 A
315,239,COL 173 SECTOR EZ-D C13-25 B 1
316,240,COL 173 SECTOR FC-L D8-28 14 C
317,241,COL 173 SECTOR FJ-E C13-6 2 B
318,242,COL 173 SECTOR FS-I C10-2 B 4
319,243,COL 173 SECTOR FZ-D C13-30 2
320,244,COL 173 SECTOR GA-O B23-1 B 1
321,245,COL 173 SECTOR GA-O B23-4 B 1
322,245,COL 173 SECTOR GA-O B23-4 B 2
323,246,COL 173 SECTOR GG-E B28-3 A 1 A
324,247,COL 173 SECTOR GS-J B25-4 D 2
325,248,COL 173 SECTOR HI-M A55-0 A 2
326,248,COL 173 SECTOR HI-M A55-0 A 3
327,249,COL 173 SECTOR HM-Z B28-1 A 3
328,249,COL 173 SECTOR HM-Z B28-1 A 4
329,250,COL 173 SECTOR HN-I B26-5 A 1
330,251,COL 173 SECTOR HN-J D9-52 1 A
331,251,COL 173 SECTOR HN-J D9-52 1 C A
332,251,COL 173 SECTOR HN-J D9-52 2 A
333,251,COL 173 SECTOR HN-J D9-52 2 B
334,252,COL 173 SECTOR HP-D C13-11 B 1
335,253,COL 173 SECTOR HR-M B23-3 B 7
336,253,COL 173 SECTOR HR-M B23-3 C 1
337,253,COL 173 SECTOR HR-M B23-3 C 2
338,253,COL 173 SECTOR HR-M B23-3 C 5
339,254,COL 173 SECTOR HS-S D4-77 BC 4 A
340,255,COL 173 SECTOR HU-D C13-2 A 1
341,256,COL 173 SECTOR IJ-G B27-1 A 1
342,257,COL 173 SECTOR IL-M C8-5 4 A
343,258,COL 173 SECTOR IU-C C14-24 D 4 A
344,259,COL 173 SECTOR IV-F B27-1 A 1 A
345,260,COL 173 SECTOR JB-F B27-1 A 4
346,260,COL 173 SECTOR JB-F B27-1 BC 3
347,261,COL 173 SECTOR JI-J B25-0 AB 2
348,262,COL 173 SECTOR JP-C C14-13 2
349,262,COL 173 SECTOR JP-C C14-13 3
350,263,COL 173 SECTOR JP-D C13-14 A 4
351,264,COL 173 SECTOR JX-K B24-0 B 2
352,264,COL 173 SECTOR JX-K B24-0 B 4
353,264,COL 173 SECTOR JX-K B24-0 B 4 A
354,265,COL 173 SECTOR KN-J B25-5 C 3
355,266,COL 173 SECTOR KP-T B34-8 B 2
356,267,COL 173 SECTOR KS-J D9-37 A 5 A
357,267,COL 173 SECTOR KS-J D9-37 A 5 B
358,268,COL 173 SECTOR KT-G B40-2 A 3
359,269,COL 173 SECTOR KY-Q D5-13 14 A
360,269,COL 173 SECTOR KY-Q D5-13 14 B
361,270,COL 173 SECTOR KY-Q D5-26 6 A
362,271,COL 173 SECTOR KY-Q D5-47 8 C
363,271,COL 173 SECTOR KY-Q D5-47 9 A
364,271,COL 173 SECTOR KY-Q D5-47 9 D
365,272,COL 173 SECTOR KY-Q D5-9 1 A
366,273,COL 173 SECTOR LB-W B31-0 C 1
367,274,COL 173 SECTOR LD-R D5-18 ABC 4 B
368,275,COL 173 SECTOR LD-R D5-19 A 4
369,276,COL 173 SECTOR LD-R D5-43 AB 3 A
370,277,COL 173 SECTOR LJ-F C12-0 B 6
371,277,COL 173 SECTOR LJ-F C12-0 B 7
372,278,COL 173 SECTOR LN-M B23-1 A 2
373,279,COL 173 SECTOR LT-Q D5-82 A 3
374,280,COL 173 SECTOR LT-Q D5-90 D 1
375,281,COL 173 SECTOR LY-Q D5-13 AB 9 A
376,281,COL 173 SECTOR LY-Q D5-13 AB 9 B
377,282,COL 173 SECTOR LY-Q D5-59 8 A
378,282,COL 173 SECTOR LY-Q D5-59 8 B
379,282,COL 173 SECTOR LY-Q D5-59 8 G
380,283,COL 173 SECTOR ME-P D6-92 B 5
381,284,COL 173 SECTOR MJ-H B26-0 B 1
382,285,COL 173 SECTOR MN-K B24-4 A 4 A
383,285,COL 173 SECTOR MN-K B24-4 B 3 A
384,286,COL 173 SECTOR NV-B C14-1 1
385,287,COL 173 SECTOR NY-Q D5-44 A 1
386,288,COL 173 SECTOR OC-C B29-1 A 4
387,289,COL 173 SECTOR OD-J B25-2 B 1
388,290,COL 173 SECTOR OE-P D6-11 B 3
389,290,COL 173 SECTOR OE-P D6-11 C 2
390,291,COL 173 SECTOR OG-Z C15-35 B 1
391,292,COL 173 SECTOR OT-Q D5-18 D 2
392,293,COL 173 SECTOR OZ-U B33-6 A 1
393,294,COL 173 SECTOR PE-P D6-110 A 2
394,295,COL 173 SECTOR PF-E B28-3 B 1
395,296,COL 173 SECTOR PN-V B18-0 B 4
396,297,COL 173 SECTOR PU-D C13-12 B 2 A
397,298,COL 173 SECTOR PV-B C14-1 D 2
398,299,COL 173 SECTOR PZ-O D6-110 5 A
399,300,COL 173 SECTOR PZ-O D6-116 6 D
400,301,COL 173 SECTOR QU-O D6-12 2 B
401,302,COL 173 SECTOR QU-O D6-25 5 B
402,303,COL 173 SECTOR QU-O D6-32 3 A
403,303,COL 173 SECTOR QU-O D6-32 3 B
404,303,COL 173 SECTOR QU-O D6-32 3 E
405,303,COL 173 SECTOR QU-O D6-32 3 F
406,304,COL 173 SECTOR QY-B B29-0 6
407,305,COL 173 SECTOR RH-C B29-1 B 3
408,306,COL 173 SECTOR RT-I B25-1 A 1 A
409,306,COL 173 SECTOR RT-I B25-1 B 1
410,307,COL 173 SECTOR RU-O D6-16 A 2 A
411,308,COL 173 SECTOR RU-O D6-33 1 A
412,309,COL 173 SECTOR SI-I B26-8 A 3 A
413,310,COL 173 SECTOR SN-S D4-63 1 A
414,311,COL 173 SECTOR SX-B B29-1 B 1
415,312,COL 173 SECTOR TG-A C15-12 A 2 A
416,313,COL 173 SECTOR TJ-A B30-0 2
417,314,COL 173 SECTOR TZ-P D5-35 6 C A
418,315,COL 173 SECTOR UG-B C14-0 C 1
419,316,COL 173 SECTOR UP-O D6-16 11 A
420,317,COL 173 SECTOR UT-W B19-4 2
421,318,COL 173 SECTOR UU-O D6-20 6 C
422,318,COL 173 SECTOR UU-O D6-20 6 D
423,319,COL 173 SECTOR UU-O D6-30 4 D
424,319,COL 173 SECTOR UU-O D6-30 4 F
425,320,COL 173 SECTOR UU-O D6-42 A 1 C
426,321,COL 173 SECTOR UV-D B28-3 AB 2 A
427,321,COL 173 SECTOR UV-D B28-3 AB 3
428,321,COL 173 SECTOR UV-D B28-3 C 1
429,322,COL 173 SECTOR UZ-R B20-3 3 A
430,323,COL 173 SECTOR VN-A B30-1 C 3
431,324,COL 173 SECTOR VP-N D7-109 A 1 A
432,325,COL 173 SECTOR WF-N D7-52 B 2
433,326,COL 173 SECTOR WG-J C10-16 B 1
434,327,COL 173 SECTOR WK-A A48-4 A 3
435,328,COL 173 SECTOR WM-Y B31-2 AB 5 A
436,329,COL 173 SECTOR WN-B B29-1 D 1
437,330,COL 173 SECTOR WP-O B22-1 A 3
438,331,COL 173 SECTOR WW-H C11-15 5
439,332,COL 173 SECTOR WZ-O B22-4 C 5
440,332,COL 173 SECTOR WZ-O B22-4 C 6
441,333,COL 173 SECTOR XF-N D7-105 A 4 A
442,334,COL 173 SECTOR XG-J C10-17 A 2
443,334,COL 173 SECTOR XG-J C10-17 B 4
444,335,COL 173 SECTOR XH-H C11-21 B 1
445,336,COL 173 SECTOR XL-K B25-1 B 1
446,337,COL 173 SECTOR XT-Q B21-5 5 A
447,338,COL 173 SECTOR XY-Y B30-1 B 2
448,339,COL 173 SECTOR YA-N D7-17 A 2
449,339,COL 173 SECTOR YA-N D7-17 B 2
450,340,COL 173 SECTOR YF-N B23-5 A 5
451,341,COL 173 SECTOR YF-N B23-6 A 3
452,342,COL 173 SECTOR YF-N C7-5 B 2
453,342,COL 173 SECTOR YF-N C7-5 B 3
454,343,COL 173 SECTOR YF-N D7-74 C 4
455,344,COL 173 SECTOR YG-A C15-12 B 1
456,345,COL 173 SECTOR YG-A C15-20 A 1
457,346,COL 173 SECTOR YQ-W A63-2 1
458,346,COL 173 SECTOR YQ-W A63-2 2
459,347,COL 173 SECTOR YV-M D7-23 A 7 A
460,348,COL 173 SECTOR YW-H C11-16 B 5 A
461,349,COL 173 SECTOR YX-Q A25-0 1
462,350,COL 173 SECTOR ZL-L B24-2 B 1
463,351,COL 173 SECTOR ZL-L B24-7 C 4
464,352,COL 173 SECTOR ZS-F C12-27 B 3
465,353,COL 173 SECTOR ZW-Z C14-10 1 C A
466,354,COL 173 SECTOR ZZ-N B23-1 B 1
467,355,COL 285 SECTOR AL-O D6-173 B 9 B
468,356,COL 285 SECTOR BQ-X C1-10 1 A
469,357,COL 285 SECTOR CV-X C1-17 2 A
470,358,COL 285 SECTOR CV-Y D57 AB 4 A
471,359,COL 285 SECTOR CV-Y D71 5 D
472,360,COL 285 SECTOR EB-X D1-39 4 A
473,361,COL 285 SECTOR GO-L B23-0 5 D
474,362,COL 285 SECTOR GW-W D1-66 A 3
475,363,COL 285 SECTOR IL-X C1-16 A 4 A
476,364,COL 285 SECTOR IL-X C1-4 A 2 C
477,365,Col 285 Sector KY-H c10-26 1 A
478,366,COL 285 SECTOR LC-R B19-6 C 3 A
479,367,COL 285 SECTOR NM-V C2-9 2 A
480,367,COL 285 SECTOR NM-V C2-9 2 B
481,367,COL 285 SECTOR NM-V C2-9 2 C
482,368,COL 285 SECTOR OC-T B4-1 AB 1 C
483,369,COL 285 SECTOR RI-R B5-3 1
484,369,COL 285 SECTOR RI-R B5-3 8 B
485,370,COL 285 SECTOR TO-N B21-7 A 1
486,370,COL 285 SECTOR TO-N B21-7 A 2
487,371,COL 285 SECTOR UF-J B24-6 1 C A
488,372,COL 285 SECTOR VD-P B7-1 2 A
489,373,COL 285 SECTOR YO-Z C19 B 2 A
490,374,COL 285 SECTOR ZZ-Y D22 2 A
491,375,COL 359 SECTOR RN-A C14-4 1
492,376,COL 359 SECTOR XG-M B8-1 2
493,377,COLONIA 3 C A
494,377,COLONIA 7 A A
495,378,CPD-51 3323 1 D A
496,379,CROOMOEA DA-A E7842 B 1 D A
497,380,CSI-06-19031 3 E
498,381,CSI-20-17462 6
499,382,DELPHI 5 A
500,383,DIAGUANDRI B 1
501,383,DIAGUANDRI B 2
502,384,DROETH OD-T D3-1 7 E A
503,385,DROJAEA FB-F C14-9 C 3
504,386,DROJAEA JL-Q B11-3 1
505,387,DROJAEA SU-V D3-49 A 4
506,388,DROJEAE QT-P D6-16 5 A
507,389,DROJU EF-R D4-0 2
508,390,DROJU HL-Y E0 5
509,390,DROJU HL-Y E0 7
510,391,DROJU NM-W E1-0 A 1
511,391,DROJU NM-W E1-0 A 6
512,392,DROJU UM-M C7-0 B 1
513,392,DROJU UM-M C7-0 B 3 A
514,393,DROJU WH-M C7-0 A 3
515,394,DROJU XS-E C26-1 3 A
516,395,DROJU YD-T D3-0 2 A
517,395,DROJU YD-T D3-0 3 A
518,395,DROJU YD-T D3-0 3 C
519,396,DRYAEA AOB DR-M D7-2109 5 D
520,397,DRYAEA BROO HX-T D3-44 3 A
521,398,DRYAEA FLEE GC-D D12-2343 2 F A
522,399,DRYAEA FLEE GC-D D12-285 A 4 E A
523,400,DRYAEA FLEE GC-D D12-4611 2 D A
524,401,DRYAU AUSMS KG-Y E3390 AB 2 A
525,402,DRYAU BRAI BH-Y C40 3 B
526,403,DRYEEJEAU ZX-H C23-2 1 D A
527,404,DRYI AOC CB-O E6-329 6 B A
528,405,DRYI AOC CH-C D13-218 2 C A
529,406,DRYIO FLYUAE VZ-X D1-1010 1 A
530,407,DRYO AOB TO-M C22-0 10 B
531,407,DRYO AOB TO-M C22-0 9 A
532,407,DRYO AOB TO-M C22-0 9 A A
533,408,DRYOI GRIE NI-S E4-1229 3 A
534,409,DRYOOE PROU HH-C D475 3 B
535,410,DRYOOE PROU NI-A D1-1275 1 A
536,411,DRYUAE CHREA JH-V E2-8239 A 5 C
537,412,EACTAINDS DH-J D10-0 C 1
538,413,EACTAINDS VG-A C2-0 A 3 A
539,414,EAFOTS DU-C B41-1 10 A
540,415,EAFOTS PC-G B52-0 2 D
541,416,EAWRAINT RS-U D2-127 3 B A
542,417,EEGAIPR EP-A D1 3 B
543,418,EEGAIPS SJ-R E4-0 7 F A
544,419,EESHORKS CV-Y E2660 10 C A
545,420,EESHORKS CV-Y E3683 7 A A
546,421,EESHORKS QI-B D1411 5 A A
547,421,EESHORKS QI-B D1411 6 C A
548,422,EESHORKS WO-A E197 8 A A
549,423,EESHORKS WO-A E52 4
550,424,EESHORPS DY-G D11-1031 8 B A
551,425,EITOSY GM-T D4-0 C 1 A
552,426,EITOSY XU-O D6-0 2 A
553,427,ELECTRA 1
554,427,ELECTRA 3
555,428,ELEPHANT'S TRUNK SECTOR DL-Y D4 2 A A
556,429,ELLAIRB CT-J C9-11 A 1 D
557,430,ELLAIRB IM-K B10-8 5 A
558,430,ELLAIRB IM-K B10-8 5 B
559,431,EOCH FLYUAE NO-E C13-135 4
560,432,EOCH PROO KI-S E4-275 2 A
561,432,EOCH PROO KI-S E4-275 3 C
562,433,EOCH PRUAE JI-K D8-297 A 2 A
563,434,EOCK BLUAE BY-T C3-0 AB 1 A
564,435,EOCK BLUAE EL-Y E0 B 1
565,436,EOCK BLUAE PQ-X C1-0 B 3 A
566,437,EOCK FLYUAE PN-S D4-16 1
567,438,EOCS AIHM RU-I B9-0 3 A
568,439,EOL PROU HU-R C4-127 1 A
569,440,EOL PROU IW-W E1-1273 2
570,441,EOL PROU IW-W E1-2524 B 10
571,442,EOL PROU NC-V E2-346 10 B A
572,443,EOL PROU PX-T D3-1732 B 2 A
573,444,EOL PROU VD-T E3-2324 A 3 A
574,444,EOL PROU VD-T E3-2324 A 3 C A
575,444,EOL PROU VD-T E3-2324 BC 5 C A
576,445,EOL PROU VY-R D4-545 4 A
577,446,EOLLS GRAAE CG-X E1-0 A 7 A
578,447,EOLLS GRAAE HW-B C1-8 3
579,448,EOLLS HYPAI XK-N C23-1 3 A
580,449,EOR AESCS VQ-C C26-2 B 1
581,450,EOR AUSCS MI-S E4-331 8 A E
582,451,EOR AUSCS NI-S E4-13 13 E
583,452,EOR AUSCS XV-K D9-166 D 1
584,453,EORD PLOE FL-X C17-52 4 A
585,454,EORD PLOE ST-Y D1-804 AB 1
586,455,EORD PRAU AC-B D14-628 D 1
587,456,EORD PRAU BH-K D9-84 1
588,457,EORD PRAU JM-V E2-212 14 A
589,458,EORD PRAU UJ-P D6-1078 2
590,458,EORD PRAU UJ-P D6-1078 3
591,458,EORD PRAU UJ-P D6-1078 4
592,458,EORD PRAU UJ-P D6-1078 6 B
593,459,EORD PRAU UJ-P D6-1079 B 3
594,460,EORL AUWSY AB-Y B56-28 B 2 A
595,461,EORL AUWSY CM-W B57-17 2 A
596,462,EORL AUWSY DH-W B57-58 A 1 A
597,463,EORL AUWSY DM-W B57-45 A 3
598,464,EORL AUWSY JR-N E6-6981 A 4 A
599,465,EORL AUWSY JR-N E6-7050 1 A
600,466,EORL AUWSY JX-Z C27-888 1 A
601,467,EORL AUWSY KN-Y C28-9 4 A
602,468,EORL AUWSY LN-Y C28-37 7 B
603,469,EORL AUWSY ND-Y C28-911 B 1 A
604,470,EORL AUWSY NS-B D13-2368 1 A
605,471,EORL AUWSY NS-B D13-4642 3 A
606,472,EORL AUWSY OS-B D13-1106 4 A
607,473,EORL AUWSY OS-B D13-132 2 B A
608,474,EORL AUWSY OS-B D13-1619 3 D
609,475,EORL AUWSY OS-B D13-1952 AB 3 A
610,476,EORL AUWSY PD-Y C28-54 6 A
611,477,EORL AUWSY PS-B D13-1805 4
612,478,EORL AUWSY PS-B D13-2869 A 1
613,479,EORL AUWSY PS-B D13-3974 1 B A
614,480,EORL AUWSY PS-B D13-4295 1 A
615,481,EORL AUWSY PS-B D13-4554 1 C A
616,482,EORL AUWSY PS-B D13-5023 3 A
617,483,EORL AUWSY PS-B D13-5388 1 A
618,484,EORL AUWSY PS-B D13-5711 1
619,485,EORL AUWSY PS-B D13-5884 B 2
620,486,EORL AUWSY PS-B D13-6242 2 C A
621,487,EORL AUWSY QD-A D14-1389 6 A
622,488,EORL AUWSY QD-A D14-255 B 4 A
623,489,EORL AUWSY QD-A D14-3169 2 A
624,490,EORL AUWSY QD-A D14-4515 A 1 B A
625,491,EORL AUWSY QD-A D14-4541 AB 1 A
626,492,EORL AUWSY QD-A D14-5136 4
627,493,EORL AUWSY QD-A D14-6193 7 A
628,494,EORL AUWSY QD-A D14-798 6 D
629,495,EORL AUWSY QN-B D13-4055 A 1 C A
630,496,EORL AUWSY QZ-Y B56-45 2
631,497,EORL AUWSY RD-A D14-3589 ABCD 1 C A
632,498,EORL AUWSY RD-A D14-4535 2 A
633,499,EORL AUWSY RY-Z D13-1614 2 B A
634,500,EORL AUWSY RZ-Z B55-16 A 3
635,501,EORL AUWSY SY-Z D13-1087 A 6 A
636,502,EORL AUWSY SY-Z D13-1137 4 E A
637,503,EORL AUWSY SY-Z D13-1139 A 3 B A
638,504,EORL AUWSY SY-Z D13-1143 ABCD 1 E A
639,505,EORL AUWSY SY-Z D13-1255 1 B
640,506,EORL AUWSY SY-Z D13-1340 A 1
641,507,EORL AUWSY SY-Z D13-1424 4 C A
642,508,EORL AUWSY SY-Z D13-1499 A 4 C
643,509,EORL AUWSY SY-Z D13-1674 2 C
644,510,EORL AUWSY SY-Z D13-1749 5 B A
645,511,EORL AUWSY SY-Z D13-2020 3 C A
646,512,EORL AUWSY SY-Z D13-2262 AB 1 A A
647,513,EORL AUWSY SY-Z D13-2352 A 1 A
648,514,EORL AUWSY SY-Z D13-2376 1 A
649,515,EORL AUWSY SY-Z D13-2879 A 1 A
650,515,EORL AUWSY SY-Z D13-2879 A 1 B
651,516,EORL AUWSY SY-Z D13-3468 ABC 1 A
652,516,EORL AUWSY SY-Z D13-3468 ABC 1 H
653,516,EORL AUWSY SY-Z D13-3468 ABC 3 A
654,516,EORL AUWSY SY-Z D13-3468 ABC 3 C
655,517,EORL AUWSY SY-Z D13-350 AB 1 A
656,518,EORL AUWSY SY-Z D13-3556 1 B
657,519,EORL AUWSY SY-Z D13-3743 1 B A
658,520,EORL AUWSY SY-Z D13-3861 3 C
659,520,EORL AUWSY SY-Z D13-3861 4 B
660,520,EORL AUWSY SY-Z D13-3861 4 C
661,521,EORL AUWSY SY-Z D13-3932 1 B
662,522,EORL AUWSY SY-Z D13-4014 B 7 A
663,523,EORL AUWSY SY-Z D13-4045 5 A
664,523,EORL AUWSY SY-Z D13-4045 5 B
665,524,EORL AUWSY SY-Z D13-4137 2 B A
666,525,EORL AUWSY SY-Z D13-4239 BC 1 B A
667,526,EORL AUWSY SY-Z D13-4588 6 D A
668,527,EORL AUWSY SY-Z D13-4650 4 D A
669,528,EORL AUWSY SY-Z D13-4684 2 C A
670,529,EORL AUWSY SY-Z D13-4770 1 A
671,530,EORL AUWSY SY-Z D13-4952 6 B
672,531,EORL AUWSY SY-Z D13-5018 3 D A
673,532,EORL AUWSY SY-Z D13-5133 1 B
674,533,EORL AUWSY SY-Z D13-5358 8 B
675,534,EORL AUWSY SY-Z D13-5438 2 A A
676,534,EORL AUWSY SY-Z D13-5438 A 1 B A
677,535,EORL AUWSY SY-Z D13-544 3 C
678,535,EORL AUWSY SY-Z D13-544 3 E A
679,535,EORL AUWSY SY-Z D13-544 5 D
680,536,EORL AUWSY SY-Z D13-5541 A 3 C A
681,537,EORL AUWSY SY-Z D13-5549 A 1 E A
682,538,EORL AUWSY SY-Z D13-5758 2
683,539,EORL AUWSY SY-Z D13-5797 3 B
684,539,EORL AUWSY SY-Z D13-5797 4 B
685,539,EORL AUWSY SY-Z D13-5797 5 B A
686,539,EORL AUWSY SY-Z D13-5797 6 B A
687,539,EORL AUWSY SY-Z D13-5797 7 B
688,539,EORL AUWSY SY-Z D13-5797 9 B
689,540,EORL AUWSY SY-Z D13-6009 1 A A
690,541,EORL AUWSY SY-Z D13-967 1
691,542,EORL AUWSY TY-Z D13-1367 A 4 D A
692,543,EORL AUWSY TY-Z D13-2453 A 7 A
693,544,EORL AUWSY TY-Z D13-3300 A 4 A
694,545,EORL AUWSY TY-Z D13-3832 2 B
695,546,EORL AUWSY TY-Z D13-732 AB 3 A
696,547,EORL AUWSY UT-Z D13-1173 1 A
697,548,EORL AUWSY UT-Z D13-1617 1 A
698,549,EORL AUWSY UT-Z D13-2003 A 3 A
699,550,EORL AUWSY UT-Z D13-432 A 1 A A
700,551,EORL AUWSY VT-Z D13-1851 3 A
701,552,EORL AUWSY VZ-Z B55-41 5 A
702,553,EORL AUWSY XU-Z B55-3 4 A
703,554,EORL AUWSY YF-Y B56-16 B 3
704,554,EORL AUWSY YF-Y B56-16 B 4 A
705,554,EORL AUWSY YF-Y B56-16 C 3
706,555,EORL AUWSY ZZ-Z B55-50 B 1
707,556,EOWYG AIHM AD-S B31-0 3 A
708,557,EOWYG AOSCS XO-R D4-89 A 2 D
709,558,EPSILON CETI A 1
710,559,EPSILON ORIONIS AB 4 B
711,560,ESKIMO SECTOR MC-V C2-2 2 B
712,561,ETA CARINA SECTOR BV-Y C11 1 A
713,562,ETA CARINA SECTOR EL-Y D16 ABC 2 A
714,562,ETA CARINA SECTOR EL-Y D16 ABC 3 E A
715,562,ETA CARINA SECTOR EL-Y D16 ABC 4 A
716,562,ETA CARINA SECTOR EL-Y D16 ABC 6 A
717,563,ETA CARINA SECTOR EL-Y D19 3 A
718,564,ETA CARINA SECTOR GW-W C1-6 A 1
719,564,ETA CARINA SECTOR GW-W C1-6 A 2
720,565,ETA CARINA SECTOR HR-W D1-8 2 A
721,566,ETA CARINA SECTOR IM-V C2-4 A 2
722,567,ETA CARINA SECTOR IR-W D1-10 A 1 D A
723,567,ETA CARINA SECTOR IR-W D1-10 A 2 C
724,567,ETA CARINA SECTOR IR-W D1-10 A 3 A
725,567,ETA CARINA SECTOR IR-W D1-10 A 3 C
726,568,ETA CARINA SECTOR IR-W D1-25 14 B
727,569,ETA CARINA SECTOR LC-V C2-8 CD 1 A
728,569,ETA CARINA SECTOR LC-V C2-8 CD 2
729,569,ETA CARINA SECTOR LC-V C2-8 CD 4
730,569,ETA CARINA SECTOR LC-V C2-8 CD 5
731,570,ETA CARINA SECTOR PD-S B4-0 B 4
732,570,ETA CARINA SECTOR PD-S B4-0 B 5
733,571,ETA CEPHEI 6 A
734,572,EULAIL QX-T D3-113 4 C A
735,573,EULAIL QX-T D3-52 A 1 A
736,574,EXPHIAY 7 E A
737,575,FACHEE YS-K C11-3 A 1
738,576,FAUST 538 3 A
739,577,FENGIRI A 1
740,578,FINE RING SECTOR BV-Y C7 4
741,579,FINE RING SECTOR TJ-Q B5-0 C 1
742,580,FINE RING SECTOR XO-A C21 1 A
743,580,FINE RING SECTOR XO-A C21 2 B
744,580,FINE RING SECTOR XO-A C21 3 A
745,581,FLOALT KU-E D12-218 1 A
746,582,FLOANTH RZ-O D6-128 5 F A
747,583,FLOAWNS BV-V D3-1123 AB 1 A
748,584,FLOAWNS DQ-V D3-139 A 3 B
749,585,FLOAWNS DQ-V D3-142 5 B A
750,586,FLOAWNS DQ-V D3-266 ABC 1 A
751,587,FLYAI EOHM NF-B C28-1 4 A
752,588,FLYAI FLYUAE CL-Y D0 4 A
753,589,FLYEIA DRYOAE AS-R B34-0 C 2 A
754,590,FLYEIA PHOEA LL-G C13-14 2 B
755,591,FLYOOE DRYEIA LC-S D5-0 C 1
756,591,FLYOOE DRYEIA LC-S D5-0 C 1 B
757,592,FLYOOE DRYEIA LT-O D7-0 AB 3 B
758,592,FLYOOE DRYEIA LT-O D7-0 AB 4 A
759,593,FLYOOE DRYEIA UP-N D7-0 2 A
760,593,FLYOOE DRYEIA UP-N D7-0 2 B
761,594,FLYUA DRYOAE BL-J B56-3 B 2
762,595,FLYUA DRYOAE FT-F D12-29 1 A
763,596,FLYUA DRYOAE MF-C D14-69 5 C
764,597,FLYUA DRYOAE SU-M B54-0 1
765,598,FLYUA DRYOAE WO-V B49-3 A 1 A
766,599,FLYUA DRYOAE ZV-C C29-3 A 3 A
767,600,FLYUE DRYIAE CW-E D11-0 1 E
768,601,G 99-49 1 A
769,602,GARUDA A 1 B
770,603,GLIESE 9046 2
771,604,GLUDGAA UW-E C11-22 2 A
772,605,GLUDGAE OL-L C21-14 B 1 B
773,605,GLUDGAE OL-L C21-14 B 5 B
774,606,GLUDGAE PL-L C21-17 2 A
775,607,GLUDGAE WV-E D11-52 1
776,608,GRAEA DRYOU BG-C C1-15 AB 1
777,609,GRAEA EOQ AN-H D11-46 4
778,610,GRAEA HYPUE AA-A H38 2 A
779,611,GRAEA HYPUE AH-R C6-17 3 A
780,612,GRAEA HYPUE BW-U D3-133 7
781,613,GRAEA HYPUE BW-U D3-36 1 B
782,614,GRAEA HYPUE BW-U D3-9 A 1 A
783,615,GRAEA HYPUE DR-U D3-134 2 D
784,616,GRAEA HYPUE DW-U D3-33 D 1
785,617,GRAEA HYPUE GX-S D4-157 B 2 A
786,618,GRAEA HYPUE HM-U D3-194 2 A
787,619,GRAEA HYPUE HR-V D2-7 4
788,620,GRAEA HYPUE SK-K C10-13 B 3
789,621,GRAEA HYPUE SK-K C10-49 B 1
790,622,GRAEA HYPUE TF-V D3-649 B 1
791,623,GRAEA HYPUE WE-Y D1-202 4
792,624,GRAEA HYPUE WE-Y D1-203 2
793,625,GRAEA HYPUE WJ-P C6-22 1
794,626,GRAEA HYPUE YP-W D2-100 1 B A
795,627,GRAEA HYPUE YP-W D2-301 1 B
796,628,GRAEA HYPUE YP-W D2-302 A 1
797,629,GRAEA HYPUE YP-W D2-92 2 A
798,629,GRAEA HYPUE YP-W D2-92 4 C A
799,630,GRAEA HYPUE ZF-V D3-369 4
800,631,GREAE DRYOAE MU-D D13-7 B 6 A
801,631,GREAE DRYOAE MU-D D13-7 C 1 A
802,632,GREAE PHIO DT-G D11-1473 A 2 B
803,632,GREAE PHIO DT-G D11-1473 A 4 D
804,633,GREAE PHIO DT-G D11-2101 1 F
805,634,GREAE PHIO FO-G D11-196 3 A
806,635,GREAE PHIO FO-G D11-3323 1 E A
807,636,GREAE PHIO FO-G D11-632 ABCD 1 B A
808,637,GREAE PHIO FO-G D11-981 A 1 A
809,637,GREAE PHIO FO-G D11-981 A 3 A
810,638,GREAE PHIO QE-Q E5-4021 ABC 1 A A
811,639,GREAE PHIO YF-O E6-4798 6 A
812,640,GREAE PHOEA RX-V B47-59 B 1
813,641,GREAE PHOEA TZ-E D12-752 1 A
814,642,GREERUA IL-O D6-7 B 1 A
815,643,GREERUA QX-U E2-1 2 A
816,644,GREETHE LL-Y D19 1
817,645,GREETHUAE XV-T B50-0 3 A
818,646,GREOU EAEC RM-X B4-2 B 2 A
819,647,GREOU PHIO HS-W B5-0 A 2
820,648,GRIA DRYE BE-F C33 3 A
821,649,GRIA DRYE FF-A E1 ABCD 3
822,650,GRIA DRYE FL-U B8-1 B 1
823,650,GRIA DRYE FL-U B8-1 B 2
824,651,GRIA DRYE GV-B C2-19 2
825,651,GRIA DRYE GV-B C2-19 3 A
826,652,GRIA DRYE MJ-V B7-5 AB 2 A
827,653,GRIA DRYE RO-X D2-257 D 1
828,654,GRIA DRYE SC-C D43 A 1 A
829,655,GRIA DRYE UO-Z E25 B 3
830,656,GRIA DRYE VU-V D3-103 3 A
831,657,GROOMUIA RZ-D D13-112 B 1 A
832,658,GRU EORK DL-Y G5 1
833,659,GRU HYPAI BF-P D6-40 7 B A
834,659,GRU HYPAI BF-P D6-40 7 E A
835,660,GRU HYPUE KS-T D3-31 8 A
836,661,GRU PHIO BA-Z E398 5 A
837,662,GUUGUYNI 3 A
838,663,GYRADGAA WD-M B52-0 A 1 A
839,664,GYRADGUA MB-Q C20-1 3 A
840,665,HACHAO AU-A C0 5 A
841,666,HAR PA KAMS 10 F A
842,667,HD 101131 A 1
843,668,HD 110137 ABC 2 A
844,668,HD 110137 ABC 4 A
845,669,HD 13030 9 A
846,670,HD 148937 3
847,671,HD 278990 6 B A
848,672,HD 315024 3 A A
849,673,HD 35901 2 F A
850,673,HD 35901 3 C A
851,674,HD 37127 A 7 A A
852,674,HD 37127 A 7 A B
853,675,HD 42292 8 A A
854,676,HD 46131 7 A A
855,676,HD 46131 7 B A
856,677,HD 6270 A 1
857,677,HD 6270 A 2
858,677,HD 6270 A 3
859,677,HD 6270 A 4
860,678,HD 62755 10 B
861,679,HD 63154 B 2 A
862,679,HD 63154 B 3 A
863,679,HD 63154 B 4 D A
864,680,HD 63868 9 A A
865,681,HD 66438 1 A
866,682,HD 67061 5 A
867,683,HD 67314 3 A
868,684,HD 67557 A 9 E
869,685,HD 73105 1 D A
870,686,HD 73430 A 1
871,686,HD 73430 B 1 B
872,687,HD 74454 C 1
873,687,HD 74454 C 2
874,688,HD 75126 A 3
875,689,HD 76838 10 C A
876,690,HD 85469 6 A A
877,691,HD 88079 ABC 3 C A
878,692,HD 92989 5 B
879,693,HD 93098 ABC 2 B
880,694,HD 93424 3 A
881,695,HEGEIA AA-Q D5-4 ABC 1 A A
882,696,HEGUA BD-H B24-2 2 A
883,697,HEGUA ER-C B55-0 3 A
884,698,HEZ UR 5
885,699,HIND SECTOR BQ-Y D8 4 A
886,700,HIND SECTOR GR-W D1-13 8 H
887,702,HIP 11125 A 1
888,702,HIP 11125 A 2
889,702,HIP 11125 B 1
890,702,HIP 11125 B 3
891,702,HIP 11125 B 4
892,702,HIP 11125 C 3 A
893,702,HIP 11125 C 6 A
894,703,HIP 11154 B 9 B
895,704,HIP 11278 3 A
896,704,HIP 11278 3 B
897,705,HIP 114458 A 2
898,706,HIP 11457 1 C
899,707,HIP 11700 1 A
900,708,HIP 11981 A 5 A
901,709,HIP 12916 4 A
902,710,HIP 12952 10 A
903,711,HIP 12967 1 A
904,712,HIP 13786 1 G
905,713,HIP 14405 B 4
906,714,HIP 14702 1 C
907,715,HIP 14746 6 A
908,716,HIP 14756 2 E
909,717,HIP 14908 A 2 A
910,718,HIP 14909 2 A
911,719,HIP 14969 CD 2 A
912,720,HIP 15134 3 B
913,721,HIP 15279 A 9 C A
914,722,HIP 15443 AB 4 B
915,723,HIP 15746 AB 1 B
916,724,HIP 15889 11 B
917,725,HIP 16171 C 1
918,725,HIP 16171 C 2
919,725,HIP 16171 C 3
920,726,HIP 16440 1 E
921,727,HIP 16572 A 4 E
922,728,HIP 16692 4 C
923,729,HIP 16704 5 A
924,730,HIP 16795 A 10 F
925,731,HIP 16985 A 4 E
926,732,HIP 17044 1 B
927,733,HIP 17225 A 1
928,734,HIP 17401 A 3 A A
929,735,HIP 17403 A 4 A
930,736,HIP 17497 B 5
931,736,HIP 17497 B 6
932,737,HIP 17675 B 1
933,738,HIP 17694 A 1 A
934,738,HIP 17694 B 10 C
935,738,HIP 17694 B 7 F
936,739,HIP 17837 A 4 B
937,740,HIP 17862 11 E
938,741,HIP 18077 2
939,741,HIP 18077 6 C
940,742,HIP 18117 5 D
941,743,HIP 18368 2 H
942,744,HIP 18730 3 G A
943,744,HIP 18730 4 H
944,745,HIP 18778 A 2 A
945,746,HIP 18909 A 4 E A
946,747,HIP 19026 B 1 C
947,748,HIP 19036 2 D A
948,749,HIP 19266 6 A
949,750,HIP 19284 A 4 A
950,751,HIP 19549 A 2 C
951,752,HIP 19665 8 B
952,753,HIP 20318 3 A
953,753,HIP 20318 6 C A
954,754,HIP 20486 A 3 A
955,755,HIP 20644 A 2 D
956,756,HIP 20785 6 B
957,757,HIP 20830 A 8 F
958,758,HIP 20859 A 1 A
959,759,HIP 20964 3 B
960,760,HIP 20989 3 C
961,761,HIP 21251 A 8 C
962,762,HIP 21348 A 2 B
963,763,HIP 21373 2 F
964,764,HIP 21654 1
965,765,HIP 22118 B 3 A
966,766,HIP 22334 1 D
967,767,HIP 22347 4 A
968,768,HIP 22375 3 A
969,769,HIP 22382 5 E
970,770,HIP 22692 A 5 A
971,771,HIP 22711 7 A
972,772,HIP 22743 B 1 A
973,773,HIP 22851 7 A
974,774,HIP 23022 B 2 A
975,775,HIP 23269 A 1 C
976,776,HIP 2371 12 A
977,777,HIP 23759 8 D A
978,777,HIP 23759 9 A
979,778,HIP 24007 1 B
980,779,HIP 24934 A 3 A
981,780,HIP 25274 8 A
982,781,HIP 29214 1 A
983,781,HIP 29214 1 B
984,782,HIP 29592 1 A
985,782,HIP 29592 3 E
986,782,HIP 29592 4 A
987,782,HIP 29592 5 A
988,783,HIP 31194 1
989,784,HIP 32278 A 4
990,785,HIP 3289 AB 3 C A
991,786,HIP 33442 A 2 A
992,787,HIP 33475 14 B A
993,788,HIP 34322 1 C
994,788,HIP 34322 1 H
995,789,HIP 34842 5 A
996,790,HIP 34906 A 6 A
997,791,HIP 34941 A 4 A
998,792,HIP 35245 2 B
999,792,HIP 35245 2 D
1000,792,HIP 35245 2 E
1001,793,HIP 35258 2 A
1002,794,HIP 36218 7 A
1003,795,HIP 36252 3 A
1004,795,HIP 36252 4 A
1005,795,HIP 36252 4 B
1006,795,HIP 36252 4 C
1007,795,HIP 36252 5 A
1008,795,HIP 36252 5 B
1009,796,HIP 36777 1 C A
1010,797,HIP 36781 A 6 B
1011,797,HIP 36781 A 6 C A
1012,798,HIP 36823 1
1013,798,HIP 36823 1 A
1014,798,HIP 36823 3 C
1015,798,HIP 36823 3 D
1016,798,HIP 36823 3 E
1017,798,HIP 36823 3 F
1018,799,HIP 37546 8 A
1019,800,HIP 37610 A 6 C A
1020,801,HIP 38064 12 B A
1021,801,HIP 38064 2
1022,801,HIP 38064 4
1023,802,HIP 38660 6 A
1024,803,HIP 38716 A 3
1025,803,HIP 38716 B 11 A
1026,804,HIP 39111 1 C A
1027,805,HIP 39768 A 14 D A
1028,805,HIP 39768 A 14 F
1029,806,HIP 39773 11 A A
1030,807,HIP 39890 10 A
1031,808,HIP 40594 1 A A
1032,809,HIP 40749 A 4 C
1033,810,HIP 41908 AB 1 C A
1034,811,HIP 42003 3 D A
1035,811,HIP 42003 5 C A
1036,812,HIP 42459 5 B
1037,812,HIP 42459 7 A
1038,812,HIP 42459 7 B
1039,812,HIP 42459 7 C
1040,812,HIP 42459 7 E A
1041,812,HIP 42459 8 D A
1042,813,HIP 46991 16 A A
1043,814,HIP 48720 ABC 1 A
1044,814,HIP 48720 ABC 1 B
1045,815,HIP 49394 7 A
1046,815,HIP 49394 8 B
1047,816,HIP 52116 6 A
1048,816,HIP 52116 8 A
1049,817,HIP 52132 7 E
1050,818,HIP 61997 ABCD 1 A
1051,819,HIP 64951 10 C A
1052,820,HIP 65529 2 C A
1053,821,HIP 70202 AB 1 A
1054,822,HIP 80804 11 C A
1055,823,HIP 85071 A 7 A
1056,824,HIP 93783 1 B
1057,825,HIPPARCHUS 2 C A
1058,827,HR 1172 A 1
1059,828,HR 1185 A 4
1060,829,HR 1769 2 A
1061,830,HR 1918 BC 1 A A
1062,830,HR 1918 BC 4 F A
1063,831,HR 1919 A 6 A
1064,833,HR 2923 1 C A
1065,834,HR 3020 B 3 A
1066,835,HR 4220 9 A A
1067,836,HR 4221 3 A
1068,836,HR 4221 3 D
1069,836,HR 4221 3 E
1070,836,HR 4221 4 A
1071,837,HR 5934 3 C A
1072,838,HR 6164 ABC 1
1073,838,HR 6164 ABC 2 A
1074,838,HR 6164 ABC 3
1075,838,HR 6164 ABC 5
1076,839,HR 7453 1
1077,840,HYADES SECTOR AQ-Y D81 AB 3 C
1078,840,HYADES SECTOR AQ-Y D81 C 2
1079,841,HYADES SECTOR AQ-Y D93 2 B
1080,842,HYADES SECTOR BQ-Y D79 A 2 A
1081,843,HYADES SECTOR CQ-Y D70 2 A
1082,844,HYADES SECTOR DB-X C1-19 8 C
1083,845,HYADES SECTOR DB-X C1-8 3 A
1084,846,HYADES SECTOR MW-W B1-0 1
1085,846,HYADES SECTOR MW-W B1-0 11 A
1086,846,HYADES SECTOR MW-W B1-0 11 B
1087,846,HYADES SECTOR MW-W B1-0 11 C
1088,846,HYADES SECTOR MW-W B1-0 2
1089,847,HYADES SECTOR PC-V B2-3 2 A
1090,848,HYADES SECTOR XO-A C15 2 A
1091,849,HYADES SECTOR ZU-Y C16 6 B
1092,850,HYADUM I 2 A
1093,851,HYEL YEH C 1
1094,852,HYIECHA QB-X D1-43 6 B
1095,853,HYPHEERLD FV-W D2-53 B 1 A
1096,854,HYPHEERLD GQ-W D2-2 B 1 A
1097,854,HYPHEERLD GQ-W D2-2 B 2 A
1098,855,HYPHEERLD UW-P C7-5 A 1 A
1099,856,HYPI BRA EB-J B14-0 1 A
1100,857,HYPI CHRIA TE-X B19-0 3 A
1101,858,HYPIO BLOO JI-K D8-18 3 B
1102,859,HYPIO BLOO NI-T D3-56 ABC 9 A
1103,860,HYPOAE AIN PP-W C15-2 ABC 3
1104,861,HYPOAE AIN YW-Z B27-1 A 4 B
1105,862,HYPOAE AIN ZA-O D6-25 2 H A
1106,863,HYPOE PLOE WD-R B24-38 1
1107,864,HYPOI FLYI JR-T D4-88 1 D
1108,865,HYPUA FLYOAE UA-U D4-2373 AB 2 B A
1109,866,HYPUA FLYOAE YG-S D5-1586 ABC 1 A
1110,867,HYPUAE AIM IC-O B48-3 AB 1 C
1111,868,HYPUAE AIN AY-M B7-1 2
1112,869,HYPUAE AIN YA-Z B42-1 3
1113,870,IC 1287 SECTOR MN-T C3-11 1
1114,871,IC 2391 SECTOR CA-A D43 12 A
1115,872,IC 2391 SECTOR FG-X B1-9 8
1116,873,IC 2391 SECTOR FL-X B1-7 A 2
1117,873,IC 2391 SECTOR FL-X B1-7 A 3
1118,874,IC 2391 SECTOR GW-V B2-4 B 1
1119,875,IC 2391 SECTOR HG-X B1-7 4
1120,876,IC 2391 SECTOR HG-X B1-8 C 2
1121,876,IC 2391 SECTOR HG-X B1-8 C 3
1122,877,IC 2391 SECTOR MX-T B3-6 A 1
1123,878,IC 2391 SECTOR YE-A D103 B 1
1124,879,IC 2391 SECTOR ZE-A D101 C 3
1125,879,IC 2391 SECTOR ZE-A D101 C 3 A
1126,880,IC 2602 SECTOR EB-X D1-20 A 2 C
1127,881,IC 2602 SECTOR UX-T B3-5 1
1128,882,IC 2602 SECTOR XU-X B1-8 AB 1 A
1129,882,IC 2602 SECTOR XU-X B1-8 AB 3 A
1130,883,ICZ IW-V B2-4 6 B
1131,884,IOWHAIL TD-T E3-2692 A 13 A
1132,885,IOWHAIL VY-S E3-5339 AB 8 A A
1133,886,IOWHAIL WY-S E3-8276 6 C A
1134,887,JELLYFISH SECTOR HR-W D1-19 A 4 E
1135,888,JELLYFISH SECTOR JH-V C2-1 C 3 A
1136,889,JELLYFISH SECTOR PD-S B4-2 B 1
1137,890,JONGOAE MA-A D1 4
1138,891,JONGOAE SX-L D7-0 1 B
1139,892,JUIPEDUN A 1
1140,893,KAPPA FORNACIS PANES
1141,894,KAPPA-1 VOLANTIS B 3 A
1142,894,KAPPA-1 VOLANTIS B 3 F A
1143,894,KAPPA-1 VOLANTIS B 4 A
1144,894,KAPPA-1 VOLANTIS B 5 A
1145,895,KARNARKI 5 A
1146,897,KYLOALKS JE-O B11-25 1 B
1147,897,KYLOALKS JE-O B11-25 1 F
1148,897,KYLOALKS JE-O B11-25 3 B
1149,897,KYLOALKS JE-O B11-25 3 C
1150,898,LAGOON SECTOR FB-X C1-35 7 A
1151,899,LAGOON SECTOR FW-W D1-136 1 C
1152,900,LAGOON SECTOR FW-W D1-63 2 D
1153,901,LAGOON SECTOR GW-W D1-131 1 D
1154,902,LAGOON SECTOR JH-V C2-34 A 5
1155,902,LAGOON SECTOR JH-V C2-34 A 5 A
1156,903,LAGOON SECTOR MX-T B3-5 B 1
1157,904,LAGOON SECTOR NI-S B4-10 1
1158,905,LAGOON SECTOR RO-R C4-22 3 A
1159,906,LAGOON SECTOR ZU-Y D61 1 C A
1160,906,LAGOON SECTOR ZU-Y D61 3 A
1161,907,LALANDE 2966 4
1162,908,LASI RY-R E4-3131 2 A
1163,909,LHS 3739 B 1
1164,909,LHS 3739 B 2
1165,910,LIABEZE 5 A
1166,911,LTT 4461 5 D A
1167,912,LTT 4586 1
1168,913,LTT 9552 A 12 A
1169,914,LUYTEN'S STAR 1 A
1170,915,LYAISOO OD-T E3-3353 A 6 C
1171,916,LYAISOO SP-O E6-6511 7 C
1172,917,LYSOOCH AU-Q B6-0 3 A
1173,918,LYSOOCH JV-P D5-9 AB 1
1174,919,LYSOOSMS TS-F B52-5 B 1
1175,920,M17 SECTOR ZP-X D1-43 A 3
1176,921,M36 SECTOR DL-Y D80 3 A
1177,922,M47 SECTOR GM-L B8-1 2 A
1178,923,M47 SECTOR GW-W D1-25 2 A
1179,924,MAIA A 2 A
1180,925,MAORSI 1 A
1181,926,MEL 22 SECTOR AX-A B14-1 1 B
1182,927,MEL 22 SECTOR BV-P C5-2 1 A
1183,928,MEL 22 SECTOR CB-O C6-4 3 A
1184,929,MEL 22 SECTOR DB-X D1-46 A 8 A
1185,930,MEL 22 SECTOR DG-O C6-0 2 A
1186,931,MEL 22 SECTOR FH-U C3-9 A 1 A
1187,932,MEL 22 SECTOR FM-V D2-38 A 3 A
1188,933,MEL 22 SECTOR FM-V D2-67 2 A
1189,934,MEL 22 SECTOR HH-V D2-37 AB 1 A
1190,935,MEL 22 SECTOR HH-V D2-53 1 B
1191,936,MEL 22 SECTOR IO-G B11-1 1 A
1192,937,MEL 22 SECTOR IS-S C4-6 ABC 2 B
1193,938,MEL 22 SECTOR JC-V D2-14 A 4 A
1194,939,MEL 22 SECTOR JC-V D2-15 ABC 1 A
1195,940,MEL 22 SECTOR JC-V D2-19 4 B
1196,941,MEL 22 SECTOR JC-V D2-31 A 16 B
1197,942,MEL 22 SECTOR JC-V D2-41 A 1 A
1198,943,MEL 22 SECTOR JX-T C3-9 6 A
1199,944,MEL 22 SECTOR KC-V D2-28 1 C
1200,945,MEL 22 SECTOR LN-T D3-60 5 A
1201,946,MEL 22 SECTOR LN-T D3-64 ABC 1 C
1202,947,MEL 22 SECTOR MC-V D2-19 BC 1 B
1203,948,MEL 22 SECTOR MX-U D2-14 AB 1 A
1204,949,MEL 22 SECTOR NT-Q C5-11 8 A
1205,950,MEL 22 SECTOR NX-U D2-27 5 A
1206,951,MEL 22 SECTOR NX-U D2-31 3 A
1207,952,MEL 22 SECTOR OO-Q C5-10 7 B
1208,953,MEL 22 SECTOR OO-Q C5-6 1 A
1209,954,MEL 22 SECTOR OY-R C4-5 2 A
1210,955,MEL 22 SECTOR SK-E B12-1 2
1211,956,MEL 22 SECTOR TT-R C4-2 3 A
1212,957,MEL 22 SECTOR UE-G B11-0 A 2
1213,958,MEL 22 SECTOR UT-R C4-4 1 A
1214,959,MEL 22 SECTOR WK-O C6-1 5 C
1215,960,MEL 22 SECTOR YU-F B11-1 AB 5 A
1216,961,MEL 22 SECTOR ZM-H B11-3 B 3
1217,962,MEL 22 SECTOR ZU-P C5-1 4 A
1218,963,MEROPE 1 A
1219,963,MEROPE 1 B
1220,963,MEROPE 2 A
1221,963,MEROPE 5 C
1222,964,MIZUCHI 2
1223,965,MOMOIRENT AB 1 C
1224,965,MOMOIRENT AB 1 D
1225,965,MOMOIRENT B 1
1226,965,MOMOIRENT B 2
1227,965,MOMOIRENT B 3
1228,966,MONKEY HEAD SECTOR CQ-Y D34 A 5 A
1229,967,MONKEY HEAD SECTOR SO-R C4-10 1 B
1230,968,MU CASSIOPEIA C 1
1231,969,MURNAKO B 1
1232,970,MUSCA DARK REGION AA-Z C46 B 3 A
1233,971,MUSCA DARK REGION BQ-Y D86 4C
1234,972,MUSCA DARK REGION CQ-Y D86 AB 1 B
1235,973,MUSCA DARK REGION KM-W D1-70 A 5 A
1236,974,MUSCA DARK REGION LN-T C3-4 B 3
1237,975,MUSCA DARK REGION LY-Q B5-9 2 A
1238,976,MYEADAI TD-K D8-6 3 A
1239,977,MYNOARR WC-D B18-15 2
1240,978,MYNOAW RI-T E3-130 3 C A
1241,979,MYNOAW RY-R E4-196 4 C A
1242,980,MYOAGAAE ML-K C22-0 A 4 A
1243,981,MYOANGEIA KS-I D10-12 B 1
1244,982,MYOANGEIA SS-T C19-2 1 A
1245,983,MYOANGOI OW-N B39-0 B 1
1246,984,MYOANGUA UV-K D9-11 1 A
1247,985,MYRIESLY SI-B D13-7552 2 C
1248,986,MYRIESLY UD-Z C27-7013 2 G A
1249,987,NEFERTEM 6 A
1250,988,NGC 2244 SECTOR CQ-O D6-29 B 4 A
1251,989,NGC 2244 SECTOR KI-Y C15-3 AB 3 A
1252,990,NGC 2451A SECTOR BL-X C1-12 D 2
1253,991,NGC 2451A SECTOR DL-Y D61 A 2
1254,992,NGC 2451A SECTOR DQ-Y D2 2 E A
1255,993,NGC 2451A SECTOR GW-W C1-12 1 A
1256,994,NGC 2451A SECTOR IR-W D1-77 AB 1 A
1257,995,NGC 2451A SECTOR JB-X B1-4 D 1
1258,996,NGC 2451A SECTOR JR-W C1-1 1 C
1259,996,NGC 2451A SECTOR JR-W C1-1 1 C A
1260,996,NGC 2451A SECTOR JR-W C1-1 1 D A
1261,997,NGC 2451A SECTOR KS-T B3-0 B 1
1262,997,NGC 2451A SECTOR KS-T B3-0 B 4 A
1263,998,NGC 2451A SECTOR LX-U D2-25 3
1264,999,NGC 2451A SECTOR MC-V C2-5 E 1
1265,1000,NGC 2451A SECTOR QT-R C4-18 4
1266,1001,NGC 2451A SECTOR RI-T C3-27 A 3 A
1267,1002,NGC 2451A SECTOR RT-R C4-19 2
1268,1003,NGC 2451A SECTOR TO-R C4-10 B 1
1269,1004,NGC 2451A SECTOR TO-R C4-3 3
1270,1005,NGC 2451A SECTOR TY-R B4-6 C 1
1271,1006,NGC 2451A SECTOR UO-R C4-4 B 5
1272,1007,NGC 2451A SECTOR VJ-R C4-22 A 1
1273,1008,NGC 2451A SECTOR WE-Q B5-6 B 1
1274,1009,NGC 2546 SECTOR SY-I D9-12 A 4 C A
1275,1010,NGC 3199 SECTOR BG-X C1-6 2 A
1276,1011,NGC 3199 SECTOR BV-Y C2 B 1
1277,1012,NGC 3199 SECTOR DG-X C1-8 C 1
1278,1013,NGC 3199 SECTOR DL-Y D12 1 A
1279,1014,NGC 3199 SECTOR HH-V C2-7 8 A
1280,1015,NGC 3199 SECTOR IM-V C2-5 B 3
1281,1015,NGC 3199 SECTOR IM-V C2-5 B 4
1282,1015,NGC 3199 SECTOR IM-V C2-5 C 3
1283,1016,NGC 3199 SECTOR MC-V C2-3 B 2 A
1284,1017,NGC 3199 SECTOR MC-V C2-8 A 5
1285,1018,NGC 457 SECTOR EQ-X D1-0 B 1 A
1286,1019,NGC 5281 SECTOR PC-C B42-0 AB 3 B
1287,1020,NGC 6357 SECTOR DL-Y E22 2
1288,1021,NGC 6383 SECTOR ZU-Y D5 E 1
1289,1022,NGC 6530 SECTOR FL-Y D67 B 1
1290,1023,NGC 6530 WFI 16706 A 1 A
1291,1024,NIDGIAE EL-N D7-0 3 A
1292,1025,NIDGIAE FV-X D1-0 AB 1 A
1293,1026,NIDGIAE MS-J D9-0 2 B
1294,1027,NIDGIAE PD-I D10-0 C 2 A
1295,1028,NIDGIAE WV-Q C7-0 1 A
1296,1029,NORTH AMERICA SECTOR GW-W D1-75 C 4
1297,1030,NORTH AMERICA SECTOR OS-T B3-1 7 D A
1298,1031,NU TAURI 1
1299,1032,NUEKAU DA-X D2-381 AB 2 C A
1300,1033,NUEKAU HG-V D3-131 1 A
1301,1034,NUEKOA GG-O C9-0 3 A
1302,1035,NUEKUIA FL-A C3-9 1 A A
1303,1036,NYEAJAAE VU-H B16-0 B 1
1304,1037,NYEAJEOU AM-B D14-52 ABC 1 A
1305,1038,NYEAJEOU GD-B B59-2 B 1
1306,1039,OBOTRIMA B 2
1307,1040,OEPHAIF TE-G D11-298 4 A
1308,1041,OMEGA SECTOR CQ-Y C44 4
1309,1042,OMEGA SECTOR DL-Y D127 3
1310,1043,OMEGA SECTOR DL-Y D131 BC 2 A
1311,1044,OMEGA SECTOR DL-Y D72 A 5
1312,1045,OMEGA SECTOR DQ-Y C16 1 B
1313,1046,OMEGA SECTOR EL-Y D118 A 2 A
1314,1047,OMEGA SECTOR EL-Y D133 6 C
1315,1048,OMEGA SECTOR EL-Y D159 A 4 A
1316,1049,OMEGA SECTOR EL-Y D169 A 2 A
1317,1050,OMEGA SECTOR EL-Y D215 4 B
1318,1051,OMEGA SECTOR EL-Y D236 D 1 A
1319,1051,OMEGA SECTOR EL-Y D236 D 3
1320,1052,OMEGA SECTOR EL-Y D241 A 2 A
1321,1053,OMEGA SECTOR EL-Y D60 2
1322,1054,OMEGA SECTOR EL-Y D62 1 A
1323,1054,OMEGA SECTOR EL-Y D62 2 A
1324,1054,OMEGA SECTOR EL-Y D62 4 A
1325,1054,OMEGA SECTOR EL-Y D62 4 B
1326,1055,OMEGA SECTOR EL-Y D67 5 B A
1327,1056,OMEGA SECTOR EL-Y D82 6 A
1328,1056,OMEGA SECTOR EL-Y D82 6 B
1329,1057,OMEGA SECTOR EL-Y D91 A 1 A
1330,1057,OMEGA SECTOR EL-Y D91 B 2 A
1331,1058,OMEGA SECTOR FB-X C1-32 4 B
1332,1059,OMEGA SECTOR GG-Y D153 1 A
1333,1060,OMEGA SECTOR GW-W C1-10 D 1
1334,1061,OMEGA SECTOR JH-V C2-6 A 1
1335,1062,OMEGA SECTOR JI-J B9-2 AB 1
1336,1062,OMEGA SECTOR JI-J B9-2 AB 2
1337,1063,OMEGA SECTOR KC-V C2-67 A 2
1338,1064,OMEGA SECTOR KR-V B2-7 11 C
1339,1065,OMEGA SECTOR LC-V C2-26 2 B
1340,1065,OMEGA SECTOR LC-V C2-26 2 B A
1341,1066,OMEGA SECTOR MI-S B4-3 2
1342,1067,OMEGA SECTOR OS-T B3-14 2
1343,1068,OMEGA SECTOR PD-S B4-14 3
1344,1069,OMEGA SECTOR PD-S B4-7 1
1345,1070,OMEGA SECTOR PY-R B4-1 C 1
1346,1070,OMEGA SECTOR PY-R B4-1 C 3
1347,1071,OMEGA SECTOR UJ-Q B5-4 B 1
1348,1072,OMEGA SECTOR VE-Q B5-15 2
1349,1072,OMEGA SECTOR VE-Q B5-15 6 G
1350,1072,OMEGA SECTOR VE-Q B5-15 7 B
1351,1073,OMEGA SECTOR WP-O B6-2 A 4
1352,1074,ONGAIHN EC-D D12-473 B 4
1353,1074,ONGAIHN EC-D D12-473 B 6 A
1354,1075,ONGAIHN IO-Z D13-7146 3 B A
1355,1076,OOCHOST VT-Z D13-0 ABC 1
1356,1077,OOTOFF MJ-X C2-2 A 2 A
1357,1078,OUTORDY JB-O D6-4 AB 1
1358,1079,OUTORDY MB-V C16-1 6 A
1359,1080,OUTORDY VD-V B57-0 1 A
1360,1081,OUTORDY ZD-Q C19-0 A 3 B
1361,1082,OUTORST DF-C C27-1 4 C
1362,1083,OUTORST GQ-G D10-28 A 3 A
1363,1084,OUTORST IL-A C28-1 2 A
1364,1085,OUTORST MB-F C11-0 4 A
1365,1086,OUTORST VW-I C23-1 1
1366,1087,OUTOTCH NA-H B10-0 2
1367,1088,OUTOTZ AS-F B39-0 A 3
1368,1089,OUTOTZ BB-V C16-0 ABC 2 B A
1369,1090,OUTOTZ EH-T C17-1 B 2
1370,1091,OUTOTZ ND-J D9-5 B 3 B
1371,1092,OUTOTZ XV-I B37-0 C 2
1372,1093,P CARINAE 2
1373,1094,P VELORUM 3 A
1374,1095,PALLAENI A 1
1375,1095,PALLAENI A 2
1376,1096,PARROT'S HEAD SECTOR FB-X C1-7 A 1
1377,1097,PARROT'S HEAD SECTOR IH-V C2-20 1
1378,1097,PARROT'S HEAD SECTOR IH-V C2-20 2
1379,1097,PARROT'S HEAD SECTOR IH-V C2-20 3
1380,1098,PCYC 275 B 2 C
1381,1098,PCYC 275 B 3 C
1382,1099,PENCIL SECTOR EL-Y D5 A 2 A
1383,1100,PENCIL SECTOR IR-W D1-144 8 A A
1384,1101,PENCIL SECTOR JM-V B2-13 AB 2 A
1385,1102,PENCIL SECTOR JM-W D1-97 1 A
1386,1103,PENCIL SECTOR OC-U A3-2 A 2 A
1387,1104,PENCIL SECTOR ZU-P B5-0 1
1388,1104,PENCIL SECTOR ZU-P B5-0 4
1389,1105,PHA FLAAE II-J D9-175 A 1 C A
1390,1106,PHA FLEAU ND-K D8-81 6 A
1391,1107,PHA FLEE OO-O D7-59 ABCD 2 A
1392,1108,PHA FLEE PO-O D7-6 3 B
1393,1108,PHA FLEE PO-O D7-6 5 A
1394,1109,PHIPOEA BG-O E6-2320 A 1
1395,1110,PHLEEDGAA ZP-O E6-3934 BCD 9 A
1396,1111,PHRAA BLOO LX-U D2-16 A 6 A
1397,1112,PHRAA BLOO LX-U D2-2 6 F A
1398,1113,PHRAA EAEC XJ-X D2-32 A 3 A
1399,1114,PHROEA EAEC BL-O D6-3 6 C A
1400,1115,PHROEA HYPA ZC-Y B48-0 A 2 A
1401,1116,PHROI PHOE UB-W C18-8 B 1
1402,1117,PHYLUWYG XL-W C2-4 6 C
1403,1118,PLAA AESCS WJ-L B35-13 1 A
1404,1119,PLAA AIN HE-A C1-0 1 C
1405,1120,PLEIADES SECTOR AV-Y C7 1 B
1406,1121,PLEIADES SECTOR BG-X C1-10 14 A
1407,1122,PLEIADES SECTOR BG-X C1-14 5 D
1408,1123,PLEIADES SECTOR CB-N B7-0 A 1
1409,1124,PLEIADES SECTOR CL-Y D43 A 5
1410,1125,PLEIADES SECTOR CQ-P B5-0 B 2
1411,1125,PLEIADES SECTOR CQ-P B5-0 C 1
1412,1126,PLEIADES SECTOR DG-O B6-0 1
1413,1127,PLEIADES SECTOR DG-X C1-11 A 3 A
1414,1128,PLEIADES SECTOR DG-X C1-14 AB 1 A
1415,1129,PLEIADES SECTOR DQ-Y C4 6 A
1416,1130,PLEIADES SECTOR DW-M B7-0 4 A
1417,1130,PLEIADES SECTOR DW-M B7-0 4 B
1418,1131,PLEIADES SECTOR EB-X C1-2 ABC 3 C
1419,1132,PLEIADES SECTOR EC-U B3-0 4 A
1420,1133,PLEIADES SECTOR EH-U B3-2 A 3
1421,1133,PLEIADES SECTOR EH-U B3-2 C 1
1422,1133,PLEIADES SECTOR EH-U B3-2 C 2
1423,1134,PLEIADES SECTOR EL-Y D23 ABCD 1 A
1424,1135,PLEIADES SECTOR FB-X C1-10 A 6
1425,1135,PLEIADES SECTOR FB-X C1-10 B 2
1426,1135,PLEIADES SECTOR FB-X C1-10 B 4
1427,1135,PLEIADES SECTOR FB-X C1-10 B 5
1428,1136,PLEIADES SECTOR FM-V C2-7 2 A
1429,1137,PLEIADES SECTOR FR-V C2-2 B 1
1430,1137,PLEIADES SECTOR FR-V C2-2 B 2
1431,1138,PLEIADES SECTOR FR-V C2-7 A 2
1432,1139,PLEIADES SECTOR FW-W D1-37 2 A
1433,1140,PLEIADES SECTOR GG-Y D33 3 A
1434,1141,PLEIADES SECTOR GH-L B8-0 A 6
1435,1141,PLEIADES SECTOR GH-L B8-0 A 7
1436,1141,PLEIADES SECTOR GH-L B8-0 A 8
1437,1141,PLEIADES SECTOR GH-L B8-0 B 1
1438,1141,PLEIADES SECTOR GH-L B8-0 C 2
1439,1142,PLEIADES SECTOR GW-W D1-54 2 C
1440,1143,PLEIADES SECTOR GW-W D1-65 10 F
1441,1144,PLEIADES SECTOR HH-V C2-13 A 1 C
1442,1145,PLEIADES SECTOR HH-V C2-6 2 A
1443,1146,PLEIADES SECTOR HM-M B7-1 A 6
1444,1147,PLEIADES SECTOR HM-V C2-10 A 7
1445,1147,PLEIADES SECTOR HM-V C2-10 BC 1
1446,1148,PLEIADES SECTOR HR-W D1-26 C 2
1447,1148,PLEIADES SECTOR HR-W D1-26 D 4
1448,1148,PLEIADES SECTOR HR-W D1-26 E 3
1449,1148,PLEIADES SECTOR HR-W D1-26 E 4
1450,1148,PLEIADES SECTOR HR-W D1-26 E 5
1451,1149,PLEIADES SECTOR HR-W D1-66 A 3
1452,1149,PLEIADES SECTOR HR-W D1-66 B 3
1453,1149,PLEIADES SECTOR HR-W D1-66 B 4
1454,1149,PLEIADES SECTOR HR-W D1-66 B 5
1455,1150,PLEIADES SECTOR IH-V C2-16 C 4
1456,1150,PLEIADES SECTOR IH-V C2-16 D 2
1457,1150,PLEIADES SECTOR IH-V C2-16 D 3
1458,1151,PLEIADES SECTOR IH-V C2-3 1 B
1459,1152,PLEIADES SECTOR IM-V C2-16 ABC 2 A
1460,1153,PLEIADES SECTOR IR-W D1-37 B 4
1461,1154,PLEIADES SECTOR IR-W D1-38 ABCD 1 A
1462,1155,PLEIADES SECTOR IR-W D1-61 BC 1 A
1463,1156,PLEIADES SECTOR IR-W D1-76 B 3 A
1464,1157,PLEIADES SECTOR IX-S B4-1 10 A
1465,1158,PLEIADES SECTOR IX-S B4-4 A 6
1466,1158,PLEIADES SECTOR IX-S B4-4 A 7
1467,1158,PLEIADES SECTOR IX-S B4-4 A 8
1468,1158,PLEIADES SECTOR IX-S B4-4 B 1
1469,1158,PLEIADES SECTOR IX-S B4-4 B 2
1470,1158,PLEIADES SECTOR IX-S B4-4 B 3
1471,1159,PLEIADES SECTOR JC-U B3-2 1
1472,1159,PLEIADES SECTOR JC-U B3-2 2
1473,1160,PLEIADES SECTOR JC-V C2-9 1 A
1474,1161,PLEIADES SECTOR JM-W D1-52 2 A
1475,1162,PLEIADES SECTOR JS-T C3-17 1 A
1476,1163,PLEIADES SECTOR KH-V C2-1 2 A
1477,1164,PLEIADES SECTOR KH-V C2-3 3 A
1478,1165,PLEIADES SECTOR KH-V C2-7 7 F
1479,1166,PLEIADES SECTOR KM-W D1-40 B 10 A
1480,1167,PLEIADES SECTOR KS-S B4-1 A 6
1481,1168,PLEIADES SECTOR KT-Q B5-3 5 A
1482,1169,PLEIADES SECTOR LN-S B4-3 B 3
1483,1169,PLEIADES SECTOR LN-S B4-3 B 4
1484,1169,PLEIADES SECTOR LN-S B4-3 C 2
1485,1169,PLEIADES SECTOR LN-S B4-3 C 3
1486,1170,PLEIADES SECTOR LN-T C3-11 9 A
1487,1171,PLEIADES SECTOR LS-T C3-2 5 A
1488,1172,PLEIADES SECTOR LX-U C2-2 AB 4 A
1489,1173,PLEIADES SECTOR LY-Q B5-2 A 2
1490,1173,PLEIADES SECTOR LY-Q B5-2 A 3
1491,1174,PLEIADES SECTOR MC-V C2-0 1 A
1492,1175,PLEIADES SECTOR MC-V C2-6 B 4 A
1493,1176,PLEIADES SECTOR MC-V C2-8 8 B
1494,1177,PLEIADES SECTOR MM-V B2-2 1 B
1495,1178,PLEIADES SECTOR MS-T B3-1 A 2
1496,1179,PLEIADES SECTOR MX-U D2-54 4 E
1497,1180,PLEIADES SECTOR MX-U D2-63 1 A
1498,1181,PLEIADES SECTOR NN-T C3-15 A 3
1499,1181,PLEIADES SECTOR NN-T C3-15 A 4
1500,1181,PLEIADES SECTOR NN-T C3-15 A 5
1501,1182,PLEIADES SECTOR OD-S B4-1 2 A
1502,1183,PLEIADES SECTOR OI-T C3-7 A 6
1503,1183,PLEIADES SECTOR OI-T C3-7 B 3
1504,1183,PLEIADES SECTOR OI-T C3-7 B 4
1505,1184,PLEIADES SECTOR OS-U C2-6 A 5 B
1506,1185,PLEIADES SECTOR OS-U C2-7 4 A
1507,1186,PLEIADES SECTOR OY-R C4-19 A 3 A
1508,1187,PLEIADES SECTOR PI-T C3-9 A 2
1509,1187,PLEIADES SECTOR PI-T C3-9 A 3
1510,1187,PLEIADES SECTOR PI-T C3-9 A 4
1511,1187,PLEIADES SECTOR PI-T C3-9 B 1
1512,1188,PLEIADES SECTOR PN-S B4-1 A 6
1513,1188,PLEIADES SECTOR PN-S B4-1 B 3
1514,1188,PLEIADES SECTOR PN-S B4-1 B 4
1515,1188,PLEIADES SECTOR PN-S B4-1 B 5
1516,1188,PLEIADES SECTOR PN-S B4-1 B 6
1517,1189,PLEIADES SECTOR PN-T B3-0 A 5
1518,1189,PLEIADES SECTOR PN-T B3-0 A 6
1519,1189,PLEIADES SECTOR PN-T B3-0 A 7
1520,1189,PLEIADES SECTOR PN-T B3-0 B 2
1521,1189,PLEIADES SECTOR PN-T B3-0 B 3
1522,1189,PLEIADES SECTOR PN-T B3-0 B 4
1523,1190,PLEIADES SECTOR QJ-Q B5-2 B 2
1524,1190,PLEIADES SECTOR QJ-Q B5-2 B 3
1525,1191,PLEIADES SECTOR RO-Q B5-0 4
1526,1192,PLEIADES SECTOR SE-P B6-0 C 3
1527,1192,PLEIADES SECTOR SE-P B6-0 C 4
1528,1192,PLEIADES SECTOR SE-P B6-0 D 1
1529,1192,PLEIADES SECTOR SE-P B6-0 D 2
1530,1192,PLEIADES SECTOR SE-P B6-0 D 3
1531,1193,PLEIADES SECTOR SP-N B7-0 B 2
1532,1194,PLEIADES SECTOR UK-N B7-3 A 5
1533,1195,PLEIADES SECTOR UZ-X B1-2 A 1 C
1534,1196,PLEIADES SECTOR VF-N B7-0 B 1
1535,1196,PLEIADES SECTOR VF-N B7-0 B 2
1536,1197,PLEIADES SECTOR VK-N B7-0 C 1
1537,1198,PLEIADES SECTOR WE-Q B5-2 1 A
1538,1199,PLEIADES SECTOR XE-Q B5-2 C 3
1539,1199,PLEIADES SECTOR XE-Q B5-2 C 4
1540,1199,PLEIADES SECTOR XE-Q B5-2 C 5
1541,1199,PLEIADES SECTOR XE-Q B5-2 C 6
1542,1200,PLEIADES SECTOR XO-A C9 A 1
1543,1200,PLEIADES SECTOR XO-A C9 B 4
1544,1201,PLEIADES SECTOR XU-P B5-1 A 3
1545,1202,PLEIADES SECTOR ZZ-Y C14 A 1 A
1546,1203,PLEIONE 11 A
1547,1204,PLIELE XE-T C6-29 2
1548,1205,PLIO AUWSY NJ-G D11-16 4 C
1549,1205,PLIO AUWSY NJ-G D11-16 6 B A
1550,1206,PLOEA AIP IG-Y D47 5 A
1551,1207,PLOEA AIP RX-S C20-1 C 1
1552,1208,PLOI AEWSY KM-W F1-3 5
1553,1209,PLOI AEWSY OJ-Q E5-1 A 3
1554,1209,PLOI AEWSY OJ-Q E5-1 A 5
1555,1210,PLOI THUA CO-E C26-0 B 6 C
1556,1211,PLOI THUA MA-W B44-0 A 1 A
1557,1212,PRAEA EUQ BF-A D93 A 3
1558,1213,PRAEA EUQ CM-L C21-30 1 D A
1559,1214,PRAEA EUQ DJ-W B7-0 A 5 A
1560,1215,PRAEA EUQ EH-D D12-22 4
1561,1216,PRAEA EUQ FQ-P C5-17 A 3 A
1562,1217,PRAEA EUQ HF-S B45-3 A 1
1563,1217,PRAEA EUQ HF-S B45-3 B 5 A
1564,1218,PRAEA EUQ JI-B D13-104 1 A
1565,1219,PRAEA EUQ KT-Z D13-59 A 10 D
1566,1220,PRAEA EUQ LH-D C12-4 B 2
1567,1221,PRAEA EUQ LZ-S C3-21 6 A
1568,1222,PRAEA EUQ MM-W D1-75 B 1
1569,1223,PRAEA EUQ MU-E C25-2 9 A
1570,1223,PRAEA EUQ MU-E C25-2 9 B
1571,1223,PRAEA EUQ MU-E C25-2 9 C
1572,1224,PRAEA EUQ NG-Y D80 2 A
1573,1225,PRAEA EUQ OC-F B39-1 3 A
1574,1226,PRAEA EUQ OR-W B1-5 1
1575,1226,PRAEA EUQ OR-W B1-5 2
1576,1226,PRAEA EUQ OR-W B1-5 4 A
1577,1226,PRAEA EUQ OR-W B1-5 4 B
1578,1226,PRAEA EUQ OR-W B1-5 6 C A
1579,1227,PRAEA EUQ TF-K B36-4 2
1580,1228,PRAEA EUQ VH-V D2-46 4 C A
1581,1229,PRAEA EUQ VK-N C20-11 3 A
1582,1230,PRAEA EUQ XE-R E4-17 ABC 2
1583,1231,PRAEA EUQ ZC-Z C27-11 1
1584,1232,PRAEA EUQ ZW-H B37-7 B 3 A
1585,1233,PRAEI AEDST YS-P C19-0 6 B
1586,1234,PRAEI AIL CF-A C3 B 2 A
1587,1235,PRAI EON PF-E B58-4 A 4 B
1588,1236,PRAI HYPOO AN-E B2-0 B 2
1589,1236,PRAI HYPOO AN-E B2-0 B 5
1590,1237,PRAI HYPOO GF-E C10 B 4
1591,1238,PRAI HYPOO HF-E C7 B 6 A
1592,1239,PRAI HYPOO JQ-C C1-5 1 A
1593,1240,PRAI HYPOO KV-D C7 A 5
1594,1241,PRAI HYPOO MA-H B1-2 4 A
1595,1242,PRAI HYPOO OH-C D30 6 A
1596,1243,PRAI HYPOO PC-C D50 C 1
1597,1244,PRAI HYPOO QC-C D19 3 B
1598,1245,PRAI HYPOO QC-C D20 1 C A
1599,1246,PRAI HYPOO QC-C D31 2 A
1600,1247,PRAI HYPOO QC-C D32 3
1601,1247,PRAI HYPOO QC-C D32 4 A
1602,1248,PRAI HYPOO SX-B D10 A 3 A
1603,1249,PRAI HYPOO SX-B D23 AB 2 A
1604,1250,PRAI HYPOO SX-B D35 A 2 B A
1605,1251,PRAI HYPOO SX-B D36 2
1606,1252,PRAI HYPOO SX-B D39 1 A
1607,1253,PRAI HYPOO SX-B D46 4 A
1608,1254,PRAI HYPOO VG-G B1-1 AB 2
1609,1255,PRAI HYPOO VR-E B2-3 A 4 A
1610,1256,PRAI HYPOO WD-A D1-41 5 C
1611,1257,PRAI HYPOO WD-A D1-6 10 A
1612,1258,PRAI HYPOO WH-D B3-4 A 2 A
1613,1259,PRAI HYPOO YM-E B2-2 AB 1 A
1614,1260,PREAE AIHM HS-A D1-3 3 B
1615,1261,PREAE AIN WZ-X D1-5 A 5 A
1616,1262,PREAE AIN YU-X D1-8 3 B
1617,1263,PREAE AIP PI-B E1 AB 1 A
1618,1263,PREAE AIP PI-B E1 AB 1 D
1619,1264,PREIA PHIO WA-M D8-24 3 A A
1620,1265,PREOU AIL JG-N C20-45 B 4 C
1621,1266,PREOU THUA LK-G B27-0 A 3
1622,1267,PRIA CHREA UL-P C5-2 7 D
1623,1268,PRIA CHRIE UW-A C14-0 10 B
1624,1269,PRIA FRAAE WP-V D3-7 1 A
1625,1270,PRIELAEI QJ-I B39-1 1 A
1626,1271,PRIELAEI RY-H D10-73 3 G A
1627,1272,PRIELAEI SK-E B42-3 4 D
1628,1272,PRIELAEI SK-E B42-3 5 A
1629,1273,PRIELAEI XH-X B46-1 A 2 B
1630,1274,PRO AEC ZU-N D7-7 6 B
1631,1275,PRO AUWSY PS-S D4-9 BCD 2 A
1632,1276,PRO AUWSY QY-E C13-0 3 C A
1633,1277,PRO EUR RY-I C9-7 A 1 A
1634,1278,PRO EURL DG-M D8-1 8 D A
1635,1279,PRO EURL FF-Q D5-16 A 5
1636,1280,PRO EURL GL-O D6-18 C 1
1637,1281,PRO EURL HM-K D9-6 A 5 A A
1638,1282,PROOE DRYEIA GC-U D3-0 B 7 A
1639,1283,PROOE PHIO GP-W C3-5 B 3 A
1640,1284,PRU AED GG-O D6-36 AB 2 B A
1641,1285,PRU AED KW-M C7-8 1 A
1642,1285,PRU AED KW-M C7-8 1 B
1643,1286,PRU AED NR-S B18-1 A 2 A
1644,1286,PRU AED NR-S B18-1 B 4 A
1645,1287,PRU AED VO-N B21-2 B 1 A
1646,1288,PRU AED VT-R D4-17 C 1 C A
1647,1289,PRU AED ZZ-F C11-9 4 A
1648,1290,PRU AIN BG-E D12-46 4 G A
1649,1291,PRU EUQ KC-H B51-3 BC 1 A
1650,1292,PRUA DRYOAE GH-C C29-3 A 4 B
1651,1293,PRUA PHOE GH-T D4-117 A 1 A
1652,1294,PRUA PHOE QW-B C1-2 4 A
1653,1295,PRUA PHOE TS-B D252 C 6
1654,1295,PRUA PHOE TS-B D252 D 1
1655,1296,PRUA PHOE TS-B D56 4 A
1656,1297,PRUA PHOE TS-B D91 BCD 2 A
1657,1298,PRUA PHOE US-B D12 8 C A
1658,1299,PRUA PHOE US-B D86 C 2
1659,1299,PRUA PHOE US-B D86 C 3
1660,1300,PRUA PHOE US-B D93 4 A
1661,1301,PRUA PHOE WN-B D61 3 A
1662,1302,PRUA PHOE XY-Z D114 4 D
1663,1302,PRUA PHOE XY-Z D114 4 F
1664,1303,PRUA PHOE XY-Z D42 7 A
1665,1303,PRUA PHOE XY-Z D42 8 A
1666,1304,PRUA PHOE YY-Z D178 B 2 A
1667,1305,PRUA PHOEA QP-M B37-2 1 C
1668,1306,PRUA PHOEA TO-O D7-2 2 A
1669,1307,PUELAA FC-Z B16-3 4 A
1670,1308,PUELAA KS-P B8-0 1 B
1671,1308,PUELAA KS-P B8-0 4 B
1672,1309,PUPPIS DARK REGION B SECTOR DL-Y D17 7 A
1673,1310,PW CEPHEI 4 E A
1674,1311,PW2010 138 CD 1 A
1675,1311,PW2010 138 CD 3 A
1676,1311,PW2010 138 CD 4
1677,1312,PW2010 210 A 4 A
1678,1312,PW2010 210 A 5 A
1679,1312,PW2010 210 A 5 B
1680,1313,PW2010 242 C 1
1681,1314,PW2010 423 A 4 A
1682,1314,PW2010 423 A 5
1683,1315,Pyraleau VS-Z b2-1 AB 1 A
1684,1316,PYRAMOE WV-C D73 4
1685,1317,PYRAMOE WV-C D74 AB 2
1686,1318,PYTHAICS CV-W D2-3231 5 D A
1687,1319,PYULT DY-G D11-15 A 1
1688,1320,PYURKS PQ-N C23-11 2 D A
1689,1321,QIEDEA BM-K D9-27 B 1
1690,1322,QIEDEAU GL-H C25-4 AB 1 A A
1691,1323,QIEDIA BR-C D1 A 4 A
1692,1324,R CRA SECTOR EC-L B8-0 B 1 A
1693,1325,R CRA SECTOR LS-T C3-3 A 2
1694,1326,ROSETTE SECTOR EL-Y D15 A 2 A
1695,1326,ROSETTE SECTOR EL-Y D15 A 2 B
1696,1327,ROSS 859 B 1
1697,1328,ROTHAAE JX-Z C27-3 10 B
1698,1328,ROTHAAE JX-Z C27-3 10 D
1699,1329,ROTHEAU HB-F D11-1 6 D A
1700,1330,ROTHEAU OR-V D2-3 A 2 A
1701,1331,ROTHEAU WT-I D9-1 1 A
1702,1332,RUEKO GN-B D13-63 BC 1 A
1703,1333,S171 30 B 1 F
1704,1334,S171 5 3
1705,1334,S171 5 8 B A
1706,1335,SADR REGION SECTOR FB-X C1-22 1 A A
1707,1336,SCHEAU BLAO DW-N E6-195 9 A
1708,1337,SCHEAU BLAO KY-Z D13-1073 5 B A
1709,1338,SCHEAU BLAO KY-Z D13-504 2 B
1710,1339,SCHEAU BLAO KY-Z D13-506 ABC 1 A
1711,1340,SCHEAU BLAO KY-Z D13-578 3 C
1712,1340,SCHEAU BLAO KY-Z D13-578 3 D
1713,1341,SCHEAU BYOE WJ-Y D1-1180 A 2 B
1714,1342,SCHEAU BYOE XJ-P D6-1171 AB 2 B
1715,1343,SCHEAU BYOE XJ-P D6-2474 2 C A
1716,1344,SCHEAU PLOE EW-C D613 1
1717,1345,SCHEE BLI FG-Y G516 AB 1 C A
1718,1346,SEGNAO MN-Q D6-5231 1 A
1719,1346,SEGNAO MN-Q D6-5231 1 B
1720,1346,SEGNAO MN-Q D6-5231 1 C
1721,1346,SEGNAO MN-Q D6-5231 2 B
1722,1347,SEGNAO YA-H C13-238 1 B
1723,1347,SEGNAO YA-H C13-238 1 D
1724,1348,SHAPSUGS 1 B
1725,1349,SHINRARTA DEZHRA AB 2 F A
1726,1349,SHINRARTA DEZHRA AB 3 B
1727,1350,SHROGAAE EV-O D6-2507 1 A
1728,1351,SHROGAAE HA-A E2274 A 7 E A
1729,1352,SHROGAAE HA-A E5471 5 B
1730,1353,SHROGAAE JK-A D2822 A 1 A
1731,1354,SHROGAAE KK-A D983 A 1 A
1732,1355,SHROGAAE NH-V E2-138 6 C D
1733,1355,SHROGAAE NH-V E2-138 7 A A
1734,1356,SHROGAAE RN-T E3-2269 A 5 B A
1735,1357,SHROGEAU YU-P E5-3386 A 1
1736,1358,SIFEAE IZ-V C16-7 2 A
1737,1358,SIFEAE IZ-V C16-7 2 C
1738,1359,SKAUDAI AM-B D14-138 AB 7 A
1739,1360,SKAUDAI CH-B D14-28 7 A
1740,1361,SKAUDAI CH-B D14-34 1 A
1741,1362,SKAUDAI CH-B D14-81 8
1742,1363,SKAUDAI DC-B D14-13 5 A
1743,1364,SKAUDAI JP-A C29-5 3 A
1744,1365,SKAUDAI LD-C B58-6 B A 8
1745,1366,SKAUDAI QO-B B58-5 B 2
1746,1367,SKAUDAI QT-B B58-1 A 2
1747,1367,SKAUDAI QT-B B58-1 A 4 A
1748,1368,SKAUDAO TL-B D14-63 B 1
1749,1369,SKAUDOAE JO-O D7-96 3 A
1750,1369,SKAUDOAE JO-O D7-96 3 B
1751,1370,SLEGAO CW-S B9-0 1
1752,1371,SLEGAO DM-P C8-4 D 2 A
1753,1372,SLEGAO GL-F C27-0 2 A
1754,1373,SLEGAO SV-B D14-5 B 1 A
1755,1374,SLEGE CE-B D3 B 1 D A
1756,1374,SLEGE CE-B D3 C 3 C
1757,1374,SLEGE CE-B D3 C 3 D
1758,1374,SLEGE CE-B D3 C 4 B
1759,1375,SLEGE QO-Q D5-0 A 5 E A
1760,1376,SLENGIE TJ-Z E1 A 4 B A
1761,1377,SLENGOA MJ-C B0 1 D
1762,1378,SLULEE MD-R C5-14 A 4 A
1763,1379,SLULEE NE-O C7-21 B 1
1764,1380,SMOJAI DV-O B6-0 A 1 B
1765,1381,SMOJAI FV-P C5-12 8 A
1766,1382,SMOJAI IR-W D1-11 1
1767,1383,SMOJAI ST-R C4-0 A 1 D
1768,1384,SMOJAI UD-T D3-4 ABC 1 B
1769,1385,SMOJAI XE-R E4-2 A 1
1770,1385,SMOJAI XE-R E4-2 B 4
1771,1386,SMOJAI YL-R B32-1 5 C A
1772,1387,SMOJUE CV-O B9-0 5 E
1773,1388,SMOJUE DL-P D5-50 8 B
1774,1389,SMOJUE GJ-X B42-1 A 1
1775,1390,SNAKE SECTOR HR-W D1-35 A 2
1776,1390,SNAKE SECTOR HR-W D1-35 A 3
1777,1391,SNAKE SECTOR PD-S B4-6 2
1778,1392,SNOTRICOPA 2 D A
1779,1393,SOL ENCELADUS
1780,1393,SOL EUROPA
1781,1394,SOONTILL 5 A
1782,1395,SOTHIS B 1 A
1783,1396,SPOORE DH-M D7-15 B 1
1784,1397,SPOORUAE CC-S D5-10 A 1 A
1785,1398,SSTGLMC G013.9529-00.4460 3 B
1786,1399,STATUE OF LIBERTY SECTOR DL-Y D25 1 A
1787,1400,STRAAE EOHN QP-N C23-0 B 1 A
1788,1401,STRAAE EOHN WX-F D12-4 D 2 B
1789,1402,STRANOA IR-N D6-238 C 4
1790,1403,STRANOA QY-Z C13-9 B 1 A
1791,1404,STRUVE'S LOST SECTOR NN-T C3-1 ABCD 1 A
1792,1405,STRUVE'S LOST SECTOR NN-T C3-6 1 C
1793,1406,STRUVE'S LOST SECTOR OI-T C3-3 2 B
1794,1407,STUELUE FE-E D13-218 5 B
1795,1408,SVANTICANI A 5 A
1796,1408,SVANTICANI A 8 A
1797,1408,SVANTICANI A 8 B
1798,1408,SVANTICANI A 8 C
1799,1409,SWOILZ BH-G B3-4 A 2
1800,1410,SWOILZ EB-X C17-1 3
1801,1411,SWOILZ FI-D B2-0 2 B
1802,1412,SWOILZ IX-F C11 A 1
1803,1412,SWOILZ IX-F C11 A 2
1804,1412,SWOILZ IX-F C11 A 3 A
1805,1413,SWOILZ KV-N B7-0 1
1806,1414,SWOILZ LH-G B3-0 1 A
1807,1414,SWOILZ LH-G B3-0 1 B
1808,1415,SWOILZ LH-Z B31-0 AB 2 A
1809,1416,SWOILZ OI-Z D1-25 2 B
1810,1417,SWOILZ OI-Z D1-33 1 D A
1811,1418,SWOILZ OI-Z D1-59 AB 1 A A
1812,1418,SWOILZ OI-Z D1-59 AB 1 C A
1813,1419,SWOILZ PC-U C3-0 5 A
1814,1420,SWOILZ PT-Z B32-1 3 B
1815,1421,SWOILZ QE-T C6-13 1 A
1816,1421,SWOILZ QE-T C6-13 2 A
1817,1422,SWOILZ ZV-C D82 A 2
1818,1423,SWOIRSTS UJ-D B17-5 A 1
1819,1424,SWOIWNS HV-H B55-1 A 1 A
1820,1425,SYNUEFAI CG-T B47-0 7 A
1821,1426,SYNUEFAI GW-B B43-0 A 1
1822,1427,SYNUEFAI RK-Y C17-3 A 1 A
1823,1428,SYNUEFAI RR-W D1-0 AB 2 A
1824,1429,SYNUEFAI UA-Y C17-4 7 A
1825,1430,SYNUEFAI UZ-M D8-63 B 1 A
1826,1431,SYNUEFAI WV-X C17-12 2 B
1827,1432,SYNUEFAI YQ-X C17-7 1 A
1828,1433,SYNUEFAI YQ-X C17-8 3 A
1829,1434,SYNUEFE AA-P C22-7 2
1830,1434,SYNUEFE AA-P C22-7 3
1831,1434,SYNUEFE AA-P C22-7 4
1832,1435,SYNUEFE AH-J D10-103 B 1
1833,1436,SYNUEFE AH-J D10-20 A 3
1834,1437,SYNUEFE AH-J D10-46 C 1
1835,1438,SYNUEFE AK-B B32-2 B 1
1836,1439,SYNUEFE AK-Y C17-5 A 3 A
1837,1440,SYNUEFE AN-H D11-101 AB 1 A
1838,1440,SYNUEFE AN-H D11-101 AB 1 B
1839,1440,SYNUEFE AN-H D11-101 AB 1 C
1840,1440,SYNUEFE AN-H D11-101 AB 1 D
1841,1440,SYNUEFE AN-H D11-101 B 1
1842,1440,SYNUEFE AN-H D11-101 D 1
1843,1440,SYNUEFE AN-H D11-101 D 2
1844,1440,SYNUEFE AN-H D11-101 D 3
1845,1440,SYNUEFE AN-H D11-101 D 4 A
1846,1441,SYNUEFE AU-Z C16-3 B 2 A
1847,1442,SYNUEFE BE-R C21-35 E 2
1848,1443,SYNUEFE BF-P D6-0 3 A
1849,1443,SYNUEFE BF-P D6-0 6 A
1850,1444,SYNUEFE BH-J D10-68 C 1
1851,1445,SYNUEFE BO-G B44-6 1 A
1852,1446,SYNUEFE BO-S C20-18 4 A
1853,1447,SYNUEFE BR-H C12-0 B 1 A
1854,1448,SYNUEFE BZ-Q C21-11 B 5
1855,1449,SYNUEFE CE-R C21-6 C 1
1856,1449,SYNUEFE CE-R C21-6 C 4 A
1857,1450,SYNUEFE CN-H D11-63 A 2 B
1858,1451,SYNUEFE CQ-A B32-0 A 1
1859,1451,SYNUEFE CQ-A B32-0 A 2
1860,1452,SYNUEFE CS-H D11-121 3
1861,1453,SYNUEFE CU-R C20-8 4 B
1862,1454,SYNUEFE CW-V C18-6 A 3 A
1863,1455,SYNUEFE CY-G B44-5 B 2
1864,1456,SYNUEFE DE-P B39-3 1
1865,1457,SYNUEFE DJ-G B44-3 A 5
1866,1458,SYNUEFE DK-D B46-12 2
1867,1459,SYNUEFE DK-D B46-4 C 1
1868,1460,SYNUEFE DK-P C22-35 3
1869,1461,SYNUEFE DP-Z C16-19 C 3
1870,1461,SYNUEFE DP-Z C16-19 C 4
1871,1461,SYNUEFE DP-Z C16-19 C 5
1872,1462,SYNUEFE DZ-Q C21-14 10 A
1873,1463,SYNUEFE DZ-X B34-4 D 1
1874,1464,SYNUEFE EA-U B50-3 B 6
1875,1465,SYNUEFE EC-K D9-18 C 4
1876,1466,SYNUEFE ED-I B43-8 A 2
1877,1467,SYNUEFE EF-Q D5-4 1 A
1878,1468,SYNUEFE EN-H D11-106 6 A
1879,1468,SYNUEFE EN-H D11-106 7 A
1880,1469,SYNUEFE EN-H D11-28 8 B
1881,1470,SYNUEFE EN-H D11-29 6 B
1882,1471,SYNUEFE EN-H D11-5 4 E
1883,1472,SYNUEFE EN-H D11-96 7 A
1884,1473,SYNUEFE EU-Q C21-10 A 3
1885,1474,SYNUEFE EU-Q C21-15 A 1
1886,1475,SYNUEFE EZ-F B44-2 3 B A
1887,1476,SYNUEFE FF-P C22-35 4 A
1888,1477,SYNUEFE FG-T C18-2 2 A
1889,1477,SYNUEFE FG-T C18-2 2 B
1890,1478,SYNUEFE FK-P C22-2 E 1
1891,1479,SYNUEFE FL-O B36-0 A 1
1892,1480,SYNUEFE FM-T D4-32 AB 2 A
1893,1481,SYNUEFE FN-H D11-9 A 1
1894,1482,SYNUEFE FU-E B45-5 A 3
1895,1483,SYNUEFE GI-Z B18-0 A 2 A
1896,1484,SYNUEFE GJ-G B44-9 3 C
1897,1485,SYNUEFE GK-D A108-2 B 1
1898,1486,SYNUEFE GK-T B22-0 A 3 A
1899,1487,SYNUEFE GQ-N C23-21 B 3
1900,1488,SYNUEFE GR-V E2-4 1
1901,1489,SYNUEFE GT-H B43-1 C 3
1902,1489,SYNUEFE GT-H B43-1 C 4
1903,1490,SYNUEFE GV-T B50-4 B 1
1904,1491,SYNUEFE HA-P C22-22 2
1905,1492,SYNUEFE HE-G B44-5 B 2
1906,1493,SYNUEFE HE-U C18-0 A 4
1907,1494,SYNUEFE HF-P C22-17 B 1
1908,1495,SYNUEFE HL-N C23-4 2 D
1909,1496,SYNUEFE HP-E B45-4 4
1910,1497,SYNUEFE HP-E B45-8 D 3
1911,1498,SYNUEFE HT-F D12-29 C 3
1912,1499,SYNUEFE HZ-M D8-69 B 7 F
1913,1500,SYNUEFE IE-G B44-2 A 4
1914,1501,SYNUEFE IH-T D4-14 A 4 A
1915,1502,SYNUEFE IJ-G B44-5 3
1916,1503,SYNUEFE IL-N C23-15 2 A
1917,1504,SYNUEFE IL-N C23-19 B 2
1918,1505,SYNUEFE IL-W C18-29 B 2 A
1919,1506,SYNUEFE IM-M B37-0 C 1
1920,1507,SYNUEFE IN-I D10-18 2 B
1921,1508,SYNUEFE IR-R B35-0 A 5 A
1922,1509,SYNUEFE IT-F D12-5 A 2
1923,1510,SYNUEFE IZ-X B34-3 A 2
1924,1510,SYNUEFE IZ-X B34-3 A 3
1925,1511,SYNUEFE JN-R D5-22 A 8 E A
1926,1512,SYNUEFE JP-E B45-4 C 1
1927,1513,SYNUEFE JU-M D8-50 5 A
1928,1514,SYNUEFE JZ-F B44-8 8
1929,1515,SYNUEFE KD-J B42-5 2
1930,1515,SYNUEFE KD-J B42-5 3
1931,1516,SYNUEFE KG-W C18-16 6 A
1932,1517,SYNUEFE KJ-C C15-6 C 1
1933,1518,SYNUEFE KU-F B44-4 1
1934,1518,SYNUEFE KU-F B44-4 4
1935,1519,SYNUEFE KX-J D9-7 2 A
1936,1520,SYNUEFE KZ-F B44-5 A 1
1937,1521,SYNUEFE LD-A C17-1 B 1 C
1938,1522,SYNUEFE LD-A C17-3 AB 2 F
1939,1523,SYNUEFE LH-M D7-4 13 A
1940,1524,SYNUEFE LQ-T B50-1 B 2
1941,1525,SYNUEFE LS-O B37-0 AB 1 A
1942,1526,SYNUEFE LY-I B42-2 C 2
1943,1527,SYNUEFE MF-O A88-4 A 2 A
1944,1528,SYNUEFE MJ-O D7-14 A 1 A
1945,1528,SYNUEFE MJ-O D7-14 A 1 B
1946,1528,SYNUEFE MJ-O D7-14 A 2 A
1947,1528,SYNUEFE MJ-O D7-14 A 2 C A
1948,1528,SYNUEFE MJ-O D7-14 A 3 A
1949,1528,SYNUEFE MJ-O D7-14 A 4 A
1950,1529,SYNUEFE MK-M D8-20 A 2 A
1951,1530,SYNUEFE MN-J D9-13 B 7 A A
1952,1531,SYNUEFE MY-P D6-38 B 8 A
1953,1532,SYNUEFE NB-B B47-10 B 2
1954,1533,SYNUEFE NH-R B38-5 B 1
1955,1533,SYNUEFE NH-R B38-5 C 1
1956,1534,SYNUEFE NJ-O D7-11 2 A
1957,1534,SYNUEFE NJ-O D7-11 3 A
1958,1535,SYNUEFE NJ-O D7-26 ABCD 2 A
1959,1535,SYNUEFE NJ-O D7-26 ABCD 2 B
1960,1536,SYNUEFE NJ-O D7-29 1 A
1961,1537,SYNUEFE NL-N C23-4 B 3
1962,1538,SYNUEFE NU-A C16-9 7 A
1963,1539,SYNUEFE NU-F B44-5 B 1
1964,1540,SYNUEFE NU-M D8-99 A 2 A
1965,1541,SYNUEFE NY-M C9-2 D 2 A
1966,1542,SYNUEFE OB-N C23-19 1 A
1967,1543,SYNUEFE OF-E B45-4 1 B
1968,1544,SYNUEFE OT-I B42-4 B 2
1969,1545,SYNUEFE OT-P D6-19 B 1 A
1970,1546,SYNUEFE OV-K D9-56 9 C
1971,1547,SYNUEFE OW-M A75-1 A 1
1972,1547,SYNUEFE OW-M A75-1 A 2 A
1973,1548,SYNUEFE PF-E B45-5 B 2
1974,1549,SYNUEFE PJ-D B46-10 3
1975,1550,SYNUEFE PM-L C24-24 C 6
1976,1551,SYNUEFE PX-J C25-8 7 A
1977,1552,SYNUEFE QA-E B45-4 3
1978,1553,SYNUEFE QJ-O D7-49 A 3 A
1979,1554,SYNUEFE QO-P D6-20 1 A
1980,1555,SYNUEFE QP-E C28-13 9 A
1981,1556,SYNUEFE QW-J B42-3 2
1982,1557,SYNUEFE QX-I A91-0 2
1983,1557,SYNUEFE QX-I A91-0 3
1984,1558,SYNUEFE RA-E B45-5 2
1985,1559,SYNUEFE RD-J B39-0 1
1986,1560,SYNUEFE RE-O D7-11 1 A A
1987,1561,SYNUEFE RE-O D7-14 1 A
1988,1561,SYNUEFE RE-O D7-14 1 F A
1989,1562,SYNUEFE RE-O D7-18 C 5
1990,1562,SYNUEFE RE-O D7-18 C 6
1991,1563,SYNUEFE RE-O D7-42 A 1 D A
1992,1564,SYNUEFE RE-O D7-9 AB 1 A
1993,1564,SYNUEFE RE-O D7-9 AB 5 A
1994,1565,SYNUEFE RF-L D9-14 A 1 A
1995,1565,SYNUEFE RF-L D9-14 A 1 B
1996,1565,SYNUEFE RF-L D9-14 A 2 A
1997,1565,SYNUEFE RF-L D9-14 A 2 B
1998,1566,SYNUEFE RL-C B46-6 3
1999,1567,SYNUEFE RR-I B43-9 2
2000,1568,SYNUEFE RS-P B39-3 A 2
2001,1569,SYNUEFE RT-P D6-15 2 B
2002,1570,SYNUEFE RT-Z C16-13 1 A
2003,1571,SYNUEFE RV-K D9-59 1 A
2004,1572,SYNUEFE SI-M B39-0 B 1
2005,1573,SYNUEFE SP-F B44-0 B 5
2006,1573,SYNUEFE SP-F B44-0 C 1
2007,1574,SYNUEFE SV-U B49-5 B 1
2008,1574,SYNUEFE SV-U B49-5 B 2
2009,1575,SYNUEFE TE-O D7-39 C 5 A
2010,1576,SYNUEFE TP-F B44-0 CD 1
2011,1577,SYNUEFE UK-V B35-0 A 4 A
2012,1578,SYNUEFE UL-N A116-1 5 B
2013,1579,SYNUEFE UL-X A69-2 C 2
2014,1580,SYNUEFE US-B C16-23 A 4
2015,1581,SYNUEFE US-B C16-5 4
2016,1582,SYNUEFE UV-H C12-7 B 3 A
2017,1583,SYNUEFE UY-R B34-0 1
2018,1584,SYNUEFE UZ-X C17-10 1 B
2019,1585,SYNUEFE UZ-X C17-12 AB 2 A
2020,1586,SYNUEFE VK-F B44-0 B 1
2021,1587,SYNUEFE VL-X A69-2 A 2
2022,1588,SYNUEFE VM-D C15-10 2 A
2023,1589,SYNUEFE VM-S B37-3 4
2024,1589,SYNUEFE VM-S B37-3 5
2025,1590,SYNUEFE VS-B C16-25 5 B
2026,1591,SYNUEFE VS-Q B38-0 C 1
2027,1592,SYNUEFE VZ-C B46-0 2
2028,1593,SYNUEFE WJ-D B46-0 D 3
2029,1594,SYNUEFE WL-J D10-113 3
2030,1595,SYNUEFE WU-X C17-8 2 A
2031,1596,SYNUEFE XI-G B44-6 1
2032,1597,SYNUEFE XJ-P C22-16 4
2033,1598,SYNUEFE XJ-P C22-2 BC 2
2034,1599,SYNUEFE XL-X A69-1 1
2035,1600,SYNUEFE XO-P C22-17 C 1
2036,1600,SYNUEFE XO-P C22-17 C 3 A
2037,1600,SYNUEFE XO-P C22-17 D 3
2038,1601,SYNUEFE XR-H D11-102 1 B
2039,1602,SYNUEFE XR-H D11-90 A 1 A
2040,1603,SYNUEFE XX-O B24-1 C 2
2041,1604,SYNUEFE XY-Q C21-1 2 A
2042,1605,SYNUEFE YP-X C17-1 5 C
2043,1606,SYNUEFE YP-X C17-8 2 A
2044,1607,SYNUEFE YT-N B40-5 A 3 A
2045,1608,SYNUEFE YV-I C11-1 3
2046,1609,SYNUEFE YX-T A71-2 A 1
2047,1610,SYNUEFE YY-Q C21-19 2 A
2048,1610,SYNUEFE YY-Q C21-19 2 B A
2049,1610,SYNUEFE YY-Q C21-19 2 E A
2050,1610,SYNUEFE YY-Q C21-19 3 A
2051,1611,SYNUEFE ZA-N B37-0 2
2052,1612,SYNUEFE ZB-Y B48-6 B 2 A
2053,1613,SYNUEFE ZD-G B44-0 2 A
2054,1613,SYNUEFE ZD-G B44-0 6 C A
2055,1614,SYNUEFE ZG-J D10-49 2 A
2056,1615,SYNUEFE ZG-J D10-79 B 1
2057,1616,SYNUEFE ZL-J D10-109 E 2 A
2058,1616,SYNUEFE ZL-J D10-109 E 3
2059,1617,SYNUEFE ZL-J D10-119 7 A
2060,1617,SYNUEFE ZL-J D10-119 9 B
2061,1618,SYNUEFE ZM-H D11-91 3
2062,1619,SYNUEFE ZR-I B43-10 B 2 A
2063,1619,SYNUEFE ZR-I B43-10 D 2
2064,1620,SYNUEFUE IS-Q B52-1 3 B
2065,1621,SYRAI THEIA QP-W C15-0 2 A
2066,1622,SYRIVIA RI-B D13-11 C 1
2067,1623,SYRIVIA WS-U D2-14 E 1
2068,1624,SYROIFUE MO-Z B27-0 C 1
2069,1625,SYSTEASI IO-G D11-13 AB 2 A
2070,1626,T TAURI A 1 A
2071,1626,T TAURI A 1 B
2072,1626,T TAURI A 2 A
2073,1627,TAURUS DARK REGION BQ-Y C12 2 A
2074,1628,TAURUS DARK REGION BV-Y C11 8 A
2075,1629,TAURUS DARK REGION CL-Y D53 A 4
2076,1630,TAURUS DARK REGION CQ-Y D31 3 C
2077,1631,TAURUS DARK REGION CQ-Y D36 7 A
2078,1632,TAURUS DARK REGION DB-X D1-26 6 E A
2079,1633,TAURUS DARK REGION DL-Y D54 ABC 1 C
2080,1634,TAURUS DARK REGION FW-W C1-3 1 A
2081,1635,TAURUS DARK REGION IR-W D1-47 A 3 A
2082,1636,TAURUS DARK REGION JH-V C2-9 AB 1 A
2083,1637,TAURUS DARK REGION MY-R B4-1 1 B
2084,1638,TAURUS DARK REGION OX-U C2-10 4 B
2085,1639,TAURUS DARK REGION QN-T B3-0 1 B
2086,1640,TAURUS DARK REGION QO-Q B5-0 B 2 A
2087,1641,TEGNAE HT-Z D13-1 1 D A
2088,1643,THAILAE II-Z D1-34 1 C A
2089,1644,THUECHE LS-A D1-10 4
2090,1645,TIGS JZ-M D8-4 AB 7 A
2091,1646,TIRIS 1 C
2092,1647,TR 24 SECTOR JS-T D3-5 A 1
2093,1648,TR 24 SECTOR MP-D C13-1 AB 1 C
2094,1649,TR 24 SECTOR RM-P C20-9 A 4 A
2095,1650,TRAIKAAE CH-Y C10 1 A
2096,1651,TRAIKAAE CW-E D11-272 B 1
2097,1652,TRAIKAAE DF-R D4-6 3 A
2098,1653,TRAIKAAE FS-H C11-0 4 A
2099,1654,TRAIKAAE GI-B D13-237 2
2100,1655,TRAIKAAE GX-O B24-0 A 1
2101,1655,TRAIKAAE GX-O B24-0 A 1 A
2102,1656,TRAIKAAE HN-R D5-0 A 4 A
2103,1657,TRAIKAAE HY-F C12-2 9 C
2104,1658,TRAIKAAE KT-P D6-10 A 1 A
2105,1658,TRAIKAAE KT-P D6-10 B 6 A
2106,1659,TRAIKAAE KT-P D6-9 1 A
2107,1659,TRAIKAAE KT-P D6-9 1 B
2108,1660,TRAIKAAE LD-S E4-2 1
2109,1661,TRAIKAAE LF-J C11-1 BC 4
2110,1661,TRAIKAAE LF-J C11-1 BC 5
2111,1662,TRAIKAAE NJ-L B26-0 4 B
2112,1663,TRAIKAAE NO-F C12-2 4 C A
2113,1664,TRAIKAAE OO-F C12-1 5 A
2114,1665,TRAIKAAE QL-V B19-0 7 C
2115,1666,TRAIKAAE RT-Q D5-22 A 4
2116,1666,TRAIKAAE RT-Q D5-22 B 2 A
2117,1667,TRAIKAAE UO-X D2-3 3
2118,1668,TRAIKAAE UR-T B20-0 2 E
2119,1669,TRAIKAAE VM-F C13-1 B 4
2120,1670,TRAIKAAE VP-K B26-0 1 A
2121,1671,TRAIKAAE VV-P B46-7 12 D
2122,1672,TRAIKAAE WY-Q C5-1 B 1
2123,1673,TRAIKAAE XF-A C8 AB 5 A
2124,1674,TRAIKAAE ZY-C C27-11 A 2 A
2125,1675,TRAIKEOU RA-B C15-3 A 2
2126,1676,TRAIKEOU TV-A C15-3 1 A
2127,1677,TRAIKEOU UV-A C15-0 B 4
2128,1677,TRAIKEOU UV-A C15-0 B 5
2129,1677,TRAIKEOU UV-A C15-0 B 6
2130,1678,TRAIKOA GR-N E6-31 1
2131,1678,TRAIKOA GR-N E6-31 10 A
2132,1678,TRAIKOA GR-N E6-31 10 B
2133,1678,TRAIKOA GR-N E6-31 10 C
2134,1678,TRAIKOA GR-N E6-31 10 D
2135,1678,TRAIKOA GR-N E6-31 11 E A
2136,1678,TRAIKOA GR-N E6-31 12 A
2137,1678,TRAIKOA GR-N E6-31 13 C
2138,1678,TRAIKOA GR-N E6-31 13 D
2139,1678,TRAIKOA GR-N E6-31 15 A
2140,1678,TRAIKOA GR-N E6-31 15 I A
2141,1678,TRAIKOA GR-N E6-31 2
2142,1678,TRAIKOA GR-N E6-31 4
2143,1678,TRAIKOA GR-N E6-31 5
2144,1678,TRAIKOA GR-N E6-31 8
2145,1678,TRAIKOA GR-N E6-31 9 A
2146,1678,TRAIKOA GR-N E6-31 9 B
2147,1679,TRAIKOA PD-U B58-9 2
2148,1680,TRAIKOA QP-B C28-10 3 A
2149,1681,TRAPEZIUM SECTOR XO-Y B1-0 B 4 A
2150,1682,TRIFID OF THE NORTH SECTOR BQ-Y D3 A 2 A
2151,1683,TRIFID OF THE NORTH SECTOR DL-Y D5 C 5 A
2152,1683,TRIFID OF THE NORTH SECTOR DL-Y D5 C 5 F A
2153,1684,TRIFID OF THE NORTH SECTOR DL-Y E0 D 6 A
2154,1684,TRIFID OF THE NORTH SECTOR DL-Y E0 D 7 B
2155,1684,TRIFID OF THE NORTH SECTOR DL-Y E0 D 9 A
2156,1685,TRIFID OF THE NORTH SECTOR FW-W C1-0 A 2
2157,1686,TRIFID OF THE NORTH SECTOR GW-W D1-1 4 A
2158,1687,TRIFID OF THE NORTH SECTOR HR-W D1-8 CDEF 1
2159,1688,TRIFID OF THE NORTH SECTOR IR-W D1-4 1 A
2160,1689,TRIFID OF THE NORTH SECTOR SO-R C4-0 A 1 A
2161,1690,TRIFID SECTOR BA-A E25 1 A
2162,1691,TRIFID SECTOR BQ-Y D11 A 3 A
2163,1692,TRIFID SECTOR FW-W D1-233 2 C
2164,1693,TRIFID SECTOR HR-W D1-256 6
2165,1694,TV MUSCAE AB 12 A
2166,1694,TV MUSCAE AB 3 B
2167,1694,TV MUSCAE AB 3 C
2168,1694,TV MUSCAE AB 6 A
2169,1694,TV MUSCAE AB 8 A
2170,1694,TV MUSCAE AB 8 B
2171,1694,TV MUSCAE AB 9 A
2172,1694,TV MUSCAE AB 9 B
2173,1695,TYROESLY VM-W D1-1 3 D A
2174,1696,V1588 ORIONIS 1 B
2175,1697,V2 PUPPIS 3 A
2176,1697,V2 PUPPIS 3 B
2177,1698,V4197 SAGITTARII AB 10 C
2178,1699,V4203 SAGITTARII B 5 A
2179,1700,V518 CARINAE 2 A
2180,1701,V655 CARINAE 5
2181,1702,VEIL EAST SECTOR DL-Y D19 A 5 A
2182,1703,VEIL WEST SECTOR DL-Y D68 D 3 B A
2183,1703,VEIL WEST SECTOR DL-Y D68 D 4 E
2184,1704,VEIL WEST SECTOR GW-W C1-1 2
2185,1705,VEIL WEST SECTOR GW-W C1-13 3 C
2186,1706,VEIL WEST SECTOR KC-V C2-18 10 A
2187,1707,VELA DARK REGION BQ-Y D110 4 B
2188,1708,VELA DARK REGION BQ-Y D94 9 B
2189,1709,VELA DARK REGION CQ-Y C0 A 2
2190,1710,VELA DARK REGION DL-Y D112 1 A
2191,1711,VELA DARK REGION DL-Y D80 1 B
2192,1712,VELA DARK REGION DL-Y D83 5 B
2193,1713,VELA DARK REGION DL-Y D91 5 A
2194,1714,VELA DARK REGION EG-X B1-1 A 1
2195,1715,VELA DARK REGION EL-Y D32 B 1
2196,1716,VELA DARK REGION EL-Y D55 1
2197,1717,VELA DARK REGION FL-Y D63 A 5
2198,1717,VELA DARK REGION FL-Y D63 B 1
2199,1718,VELA DARK REGION HB-X C1-28 E 2
2200,1718,VELA DARK REGION HB-X C1-28 E 3
2201,1719,VELA DARK REGION IW-W B1-3 B 1
2202,1720,VELA DARK REGION JS-T B3-0 A 3
2203,1721,VELA DARK REGION KR-W C1-24 7 A
2204,1721,VELA DARK REGION KR-W C1-24 7 B
2205,1721,VELA DARK REGION KR-W C1-24 7 C
2206,1721,VELA DARK REGION KR-W C1-24 7 D
2207,1722,VELA DARK REGION LR-W C1-11 A 2 A
2208,1723,VELA DARK REGION RC-V B2-5 C 3
2209,1723,VELA DARK REGION RC-V B2-5 C 4
2210,1724,VELA DARK REGION RY-R B4-7 A 1
2211,1725,VELA DARK REGION VO-Q B5-1 B 3 A
2212,1725,VELA DARK REGION VO-Q B5-1 B 6
2213,1725,VELA DARK REGION VO-Q B5-1 C 5
2214,1726,VELA DARK REGION WT-R B4-3 B 1
2215,1726,VELA DARK REGION WT-R B4-3 B 2
2216,1727,VELA DARK REGION YO-R B4-1 B 4
2217,1727,VELA DARK REGION YO-R B4-1 D 2
2218,1728,VELA DARK REGION ZE-A D66 6 B
2219,1729,VIRUDNIR 6
2220,1730,WEPAA BQ-X E1-3388 A 1 A
2221,1731,WEPAA XJ-P D6-245 4 C A
2222,1732,WEPIAE QQ-P C8-454 B 2
2223,1733,WHUEFUA WA-M D8-0 C 1 G
2224,1734,WHUEFUA ZK-N D7-0 C 13 B
2225,1735,WITCH HEAD SECTOR BG-O B6-0 1
2226,1735,WITCH HEAD SECTOR BG-O B6-0 2
2227,1736,WITCH HEAD SECTOR DL-Y D17 A 1
2228,1737,WITCH HEAD SECTOR FB-X C1-11 B 2
2229,1737,WITCH HEAD SECTOR FB-X C1-11 B 3
2230,1737,WITCH HEAD SECTOR FB-X C1-11 B 4
2231,1737,WITCH HEAD SECTOR FB-X C1-11 B 5
2232,1738,WITCH HEAD SECTOR GW-W C1-4 A 4
2233,1739,WITCH HEAD SECTOR HH-V C2-2 A 3
2234,1740,WITCH HEAD SECTOR HH-V C2-3 D 2
2235,1741,WITCH HEAD SECTOR HW-W C1-7 C 2
2236,1741,WITCH HEAD SECTOR HW-W C1-7 C 3
2237,1741,WITCH HEAD SECTOR HW-W C1-7 C 4
2238,1742,WITCH HEAD SECTOR HW-W C1-8 A 4
2239,1743,WITCH HEAD SECTOR HW-W C1-9 4
2240,1744,WITCH HEAD SECTOR JC-U B3-0 A 3 A
2241,1745,WITCH HEAD SECTOR LC-V C2-10 A 2
2242,1745,WITCH HEAD SECTOR LC-V C2-10 A 3
2243,1745,WITCH HEAD SECTOR LC-V C2-10 A 4
2244,1745,WITCH HEAD SECTOR LC-V C2-10 A 5
2245,1745,WITCH HEAD SECTOR LC-V C2-10 A 6
2246,1745,WITCH HEAD SECTOR LC-V C2-10 B 1
2247,1745,WITCH HEAD SECTOR LC-V C2-10 B 2
2248,1745,WITCH HEAD SECTOR LC-V C2-10 B 3
2249,1746,WO 9251 B A 1
2250,1747,WOLF 1301 4 A
2251,1748,WREDGUIA JH-S B31-2 ABC 2 C
2252,1749,WREDGUIA JY-G D11-3 AB 1 C A
2253,1750,WREDGUIA LW-N C6-7 4 C
2254,1751,WREDGUIA UB-W C15-0 1 A
2255,1752,WREDGUIA VX-L D7-80 5 F
2256,1753,WREDGUIA WJ-Y C14-6 2 A
2257,1753,WREDGUIA WJ-Y C14-6 5 A
2258,1753,WREDGUIA WJ-Y C14-6 5 C
2259,1754,WREDGUIA YO-I D9-38 8 C
2260,1755,WREDGUIA ZU-X C14-11 2 B
2261,1756,WREGOE BB-D C26-25 B 7 A
2262,1757,WREGOE CA-N B34-8 2 A
2263,1758,WREGOE CI-G C25-6 A 2 D
2264,1759,WREGOE DA-P C19-1 4 A
2265,1760,WREGOE GB-G C26-2 A 3 F A
2266,1761,WREGOE GF-R D4-71 A 2 A
2267,1762,WREGOE GF-R D4-92 1 B
2268,1763,WREGOE GG-D C13-5 1 A
2269,1764,WREGOE GI-P B33-4 B 2 A
2270,1765,WREGOE HH-U C16-31 2 B
2271,1766,WREGOE JS-S C17-12 1 A
2272,1767,WREGOE JS-S C17-15 B 1
2273,1768,WREGOE JS-S C17-3 3
2274,1769,WREGOE KK-C B40-8 B 1
2275,1770,WREGOE KX-V B31-0 C 1
2276,1771,WREGOE MD-R C18-12 C 1 A
2277,1772,WREGOE MJ-N B34-1 B 2
2278,1773,WREGOE MN-S C17-2 B 6 A
2279,1774,WREGOE MX-L D7-105 2 A
2280,1775,WREGOE MX-L D7-50 2 A
2281,1776,WREGOE MY-O B33-4 C 1
2282,1777,WREGOE NX-L D7-128 4 B A
2283,1778,WREGOE NX-L D7-50 A 2 A
2284,1779,WREGOE PE-P C19-2 1 B
2285,1780,WREGOE QB-F C11-14 AB 2 A
2286,1781,WREGOE QD-K D8-113 A 3
2287,1782,WREGOE QD-K D8-121 1 A
2288,1783,WREGOE QD-K D8-128 AB 2
2289,1784,WREGOE QD-K D8-134 ABC 1 A
2290,1785,WREGOE QD-K D8-21 A 1 A
2291,1786,WREGOE QD-K D8-27 3 B
2292,1787,WREGOE QD-K D8-34 1 D A
2293,1788,WREGOE QD-K D8-36 1 B
2294,1789,WREGOE QD-K D8-37 A 4
2295,1790,WREGOE QD-K D8-38 AB 1 C
2296,1791,WREGOE QD-K D8-40 5 A
2297,1792,WREGOE QD-K D8-41 3 E A
2298,1793,WREGOE QD-K D8-42 D 2
2299,1794,WREGOE QD-K D8-84 A 3 A
2300,1795,WREGOE QD-K D8-87 3 E A
2301,1796,WREGOE QK-L B35-3 B 3
2302,1796,WREGOE QK-L B35-3 B 4
2303,1797,WREGOE RA-W C15-18 A 1 A
2304,1798,WREGOE RD-K D8-126 A 1 A
2305,1799,WREGOE RD-K D8-19 AB 1 A
2306,1800,WREGOE RI-D B28-0 3
2307,1801,WREGOE RT-Q C18-18 4 A
2308,1802,WREGOE RZ-M B34-1 C 1
2309,1803,WREGOE RZ-M B34-5 AB 1 A
2310,1804,WREGOE SO-I D9-54 2 A
2311,1804,WREGOE SO-I d9-54 2 A
2312,1805,WREGOE SU-F C11-1 1 A
2313,1806,WREGOE SU-M B34-3 A 5
2314,1807,WREGOE TJ-I D9-25 1 A
2315,1807,WREGOE TJ-I D9-25 2 C A
2316,1808,WREGOE UJ-I D9-134 B 1
2317,1808,WREGOE UJ-I D9-134 B 2
2318,1809,WREGOE UJ-I D9-94 B 3 A
2319,1810,WREGOE UU-M B34-1 BC 5 A
2320,1811,WREGOE VF-L B35-2 B 1
2321,1812,WREGOE VJ-I D9-146 1 A
2322,1813,WREGOE VZ-U B30-3 1
2323,1814,WREGOE WF-N C20-23 9 A
2324,1815,WREGOE WQ-J B36-0 3
2325,1816,WREGOE WS-F B54-1 1 C
2326,1817,WREGOE WV-J B36-0 3
2327,1818,WREGOE YA-L B35-1 C 1
2328,1819,WRUEGNAEI IR-W E1-0 A 3
2329,1819,WRUEGNAEI IR-W E1-0 A 4
2330,1820,WRUEGNAEI MS-K D8-2 6 C A
2331,1821,WRUEGNAEI PY-P C19-1 C 3 B
2332,1822,WRUEGNAEI RD-H C24-1 B 1
2333,1823,WRUEGNEOU FE-S C4-0 B 4 B
2334,1824,WRUEGNEOU ZW-M C7-0 A 1 D
2335,1825,XEMBEAE BZ-Z D9 5 C A
2336,1826,XOTHUIA ZJ-E C13-17 A 3 D A