id,systemName
1,10 ARIETIS
2,102 IOTA TAURI
3,16 H ORIONIS
4,164 G. CANIS MAJORIS
5,2MASS J10433563-5945136
6,2MASS J10433739-6005084
7,2MASS J10444160-5947046
8,2MASS J14272268-5940166
9,2MASS J14274501-5937518
10,2MASS J18171704-1659394
11,2MASS J18175838-1702401
12,2MASS J18181264-1654135
13,2MASS J18182881-1649403
14,2MASS J18182894-1645056
15,2MASS J18183883-1645311
16,2MASS J18184271-1658059
17,2MASS J18185936-1641019
18,2MASS J18192265-1631091
19,2MASS J18192359-1632298
20,2MASS J18202544-1636087
21,4 CAMELOPARDALIS
22,5 PUPPIS
23,57 HYDRAE
24,64 VIRGINIS
25,70 G. CARINAE
26,72 TAURI
27,AEDGORN DL-P D5-0
28,AGNAIMT YC-H D11-85
29,ALAUNUS
30,ARIES DARK REGION AQ-Y D14
31,ARIES DARK REGION DB-X C1-2
32,ARIES DARK REGION DB-X C1-7
33,ARIES DARK REGION DB-X D1-63
34,ARIES DARK REGION DB-X D1-64
35,ARIES DARK REGION FW-W D1-59
36,ARIES DARK REGION FW-W D1-76
37,ARIES DARK REGION GW-W D1-48
38,ARIES DARK REGION GW-W D1-86
39,ARIES DARK REGION HR-W C1-1
40,ARIES DARK REGION HR-W D1-34
41,ARIES DARK REGION HR-W D1-44
42,ARIES DARK REGION HR-W D1-53
43,ARIES DARK REGION HR-W D1-54
44,ARIES DARK REGION IH-V C2-9
45,ARIES DARK REGION IM-V C2-5
46,ARIES DARK REGION JC-V C2-6
47,ARIES DARK REGION JS-T C3-1
48,ARIES DARK REGION JW-W C1-4
49,ARIES DARK REGION KH-V C2-4
50,ARIES DARK REGION MS-T C3-15
51,ARIES DARK REGION MS-T C3-2
52,ARIES DARK REGION MS-T C3-8
53,ARIES DARK REGION MX-U C2-10
54,ARIES DARK REGION MX-U C2-8
55,ARIES DARK REGION NN-T C3-12
56,ARIES DARK REGION OD-S B4-1
57,ARIES DARK REGION OI-T C3-8
58,ARIES DARK REGION PY-R B4-1
59,ARIES DARK REGION VT-R B4-0
60,ASSAIPY LD-K D8-71
61,ATHAIR YO-I D9-272
62,ATHENA
63,AUCOKS HC-U B33-0
64,BALIE
65,BATZ
66,BAULOO LX-U E2-17
67,BD-11 4932
68,BD-12 1172
69,BD+38 2037
70,BD+47 2936
71,BELAAKO
72,BHOTHO
73,BLAA EAEC NL-L C9-136
74,BLAA HYPAI CZ-D C13-0
75,BLAA HYPAI DD-I B26-0
76,BLAA HYPAI DZ-D C13-1
77,BLAA HYPAI EU-D C13-0
78,BLAA HYPAI GG-V C3-4
79,BLAA HYPAI HW-V D2-6
80,BLAA HYPAI LZ-F B27-0
81,BLAA HYPAI OZ-O D6-0
82,BLAA HYPAI OZ-O D6-16
83,BLAA HYPAI UO-L B10-1
84,BLAA HYPAI XR-I B26-0
85,BLAE DRYE DF-I B57-6
86,BLAE DRYE PE-E D13-6
87,BLAE DRYE PP-A C29-7
88,BLAE DRYE QZ-D D13-103
89,BLAE DRYE SM-Y B58-0
90,BLAE DRYE TK-C D14-37
91,BLAE DRYE VM-G B58-13
92,BLAE DRYE WU-O E6-3
93,BLAE DRYE XU-O E6-22
94,BLAE DRYE YV-B D14-25
95,BLAE EORK IF-G C27-13
96,BLAE EORK QU-D D13-3
97,BLAE EORK RK-C D14-15
98,BLAE EORK RU-D D13-17
99,BLAE EORK RU-D D13-20
100,BLAE EORK UL-J B56-1
101,BLAE HYPUE SW-E B28-1
102,BLAU AED GW-T D4-9
103,BLEAE AEWSY GV-X D1-27
104,BLEAE AEWSY LE-M B10-1
105,BLEAE EURK FG-Y G2
106,BLEAE THUA CA-L C10-1
107,BLEAE THUA HL-E B13-1
108,BLEAE THUA ME-U B44-0
109,BLEAE THUA NZ-G B55-0
110,BLEAE THUA ZW-A C27-15
111,BLEETHOAE CM-C D13-208
112,BLEIA DRYIAE AC-S D5-114
113,BLEIA DRYIAE EK-C D14-102
114,BLEIA DRYIAE EK-C D14-18
115,BLEIA DRYIAE HN-S E4-37
116,BLEIA DRYIAE IH-K C25-36
117,BLEIA DRYIAE II-I C26-20
118,BLEIA DRYIAE MA-M B54-8
119,BLEIA DRYIAE UP-F B44-1
120,BLEIA DRYIAE ZQ-E B59-8
121,BLEIA EOHN TK-C C27-0
122,BLO AESCS UL-L B41-1
123,BLO AESCS YY-A D80
124,BLODES
125,BLU EUQ BM-C D13-24
126,BLU THUA AE-T B3-5
127,BLU THUA BR-U C16-0
128,BLU THUA EM-K B22-2
129,BLU THUA EW-T B17-5
130,BLU THUA GB-O C6-9
131,BLU THUA GI-B B55-2
132,BLU THUA HR-N D6-60
133,BLU THUA JS-M B35-2
134,BLU THUA KF-K B36-1
135,BLU THUA LF-M C21-11
136,BLU THUA MA-W B29-3
137,BLU THUA NL-F B11-5
138,BLU THUA NN-J B9-2
139,BLU THUA OO-X D2-1
140,BLU THUA TS-X C28-6
141,BLUA EAEC MM-M C23-188
142,BOELTS YK-X E1-626
143,BOEPP XA-D D13-2289
144,BOEPP XA-D D13-2791
145,BOEPP ZK-O E6-226
146,BOEWNST HN-S E4-325
147,BOEWNST TG-J D10-1066
148,BRESTLA
149,BUBBLE SECTOR LX-T B3-1
150,BUZHANG KU
151,BYAA FLEE MT-N C21-0
152,BYAE AOWSY GR-N D6-52
153,BYEIA EUR BA-A G3
154,BYEIA EURK AS-J C22-43
155,BYEIA EURK DC-J B24-1
156,BYEIA EURK FB-A C34
157,BYEIA EURK HA-A E17
158,BYEIA EURK IP-X C2-2
159,BYEIA EURK JJ-M B10-0
160,BYEIA EURK LM-O B38-0
161,BYEIA EURK RS-S D4-8
162,BYEIA EURK UJ-Z B33-0
163,BYEIA EURK UN-S D4-4
164,BYEIA TRAA BD-C C13-0
165,BYEIA TRAA EQ-W C15-0
166,BYEIA TRAA KH-M D7-1
167,BYEIA TRAA KQ-P D5-3
168,BYOI AIP VA-E D12-143
169,BYOI THUA BU-R D4-32
170,BYOI THUA FY-F D12-0
171,BYOI THUA JI-J D9-9
172,BYOO BRE KS-S D4-0
173,BYOOE CHRAEA JL-P D5-1
174,BYOOMI LT-O D7-4801
175,BYUA AIM HY-F D12-1322
176,BYUA AIM MX-K D8-4056
177,BYUA AIM TE-W C16-130
178,BYUA EUQ AH-A C15-1
179,BYUA EUQ CX-O B8-2
180,BYUA EUQ DV-N B7-8
181,BYUA EUQ EG-Y E41
182,BYUA EUQ KQ-P D5-70
183,CALIFORNIA SECTOR BA-A E6
184,CALIFORNIA SECTOR DL-Y D25
185,CALIFORNIA SECTOR DL-Y D4
186,CALIFORNIA SECTOR HR-W D1-28
187,CALIFORNIA SECTOR JH-V C2-12
188,CALIFORNIA SECTOR LC-V C2-10
189,CAT'S PAW SECTOR LS-T B3-5
190,CAVE SECTOR FB-X C1-3
191,CAVE SECTOR JH-V C2-8
192,CD-24 13810
193,CD-24 13823D
194,CD-24 13844
195,CD-26 1339
196,CD-39 6137
197,CD-41 11037
198,CEPHEI SECTOR NX-U B2-0
199,CHAEA THAA EV-G D10-0
200,CHAEA THUA ZP-F C11-1
201,CHALOA UU-X D1-0
202,CHALUIA EK-B C15-0
203,CHARICK DRIFT
204,CHI HYDRAE
205,CHI PERSEI SECTOR IX-S D4-57
206,CHO EUR OM-W D1-15
207,CHONA
208,CHRAISAO FF-A D12
209,CHRAISOAE HC-M D7-14
210,CHRAISOU AK-R D4-41
211,CHRAISUAE NF-Q C5-1
212,CHRAISUAE UD-T D3-1
213,CHREETAA PP-B B0
214,CHU THUA HS-J B36-0
215,CLOOKEOU RF-D D13-84
216,CLOOKEOU VL-B D14-114
217,CLOOKEOU VL-B D14-121
218,CLOOKUIA AW-V B16-0
219,CLOOKUIA FX-S C17-0
220,CLOOKUIA IZ-L B35-0
221,CLOOKUIA LT-T C3-3
222,CLOOKUIA MI-K D8-2
223,CLOOKUIA OI-K D8-8
224,COALSACK DARK REGION YJ-A D57
225,COALSACK SECTOR TO-R C4-9
226,COELACHI
227,COL 132 SECTOR GH-V E2-13
228,COL 132 SECTOR IN-S D4-64
229,COL 132 SECTOR LJ-O B36-3
230,COL 132 SECTOR NT-Q D5-51
231,COL 132 SECTOR UB-R C19-5
232,COL 132 SECTOR WD-N B9-1
233,COL 135 SECTOR BC-K B9-0
234,COL 135 SECTOR DL-N B7-0
235,COL 135 SECTOR FR-V C2-19
236,COL 135 SECTOR LC-V D2-62
237,COL 135 SECTOR RO-Q C5-5
238,COL 135 SECTOR RO-Q C5-7
239,COL 135 SECTOR TU-O C6-15
240,COL 135 SECTOR TU-O C6-8
241,COL 135 SECTOR UU-O C6-2
242,COL 140 SECTOR IH-V D2-44
243,COL 173 SECTOR AB-N D7-34
244,COL 173 SECTOR AI-H C11-22
245,COL 173 SECTOR AP-Q B21-2
246,COL 173 SECTOR AU-Y B30-2
247,COL 173 SECTOR AV-N B23-5
248,COL 173 SECTOR AY-F C12-0
249,COL 173 SECTOR BH-K B25-8
250,COL 173 SECTOR BH-L D8-72
251,COL 173 SECTOR BN-Y C15-3
252,COL 173 SECTOR BO-F C12-24
253,COL 173 SECTOR BV-M B24-10
254,COL 173 SECTOR BV-M B24-7
255,COL 173 SECTOR BV-O D6-55
256,COL 173 SECTOR BX-I C10-7
257,COL 173 SECTOR CC-K B25-8
258,COL 173 SECTOR CG-M B24-8
259,COL 173 SECTOR CH-L D8-14
260,COL 173 SECTOR CI-Y C15-1
261,COL 173 SECTOR DG-M B24-4
262,COL 173 SECTOR DG-M B24-5
263,COL 173 SECTOR DH-K B25-2
264,COL 173 SECTOR DK-Y B30-2
265,COL 173 SECTOR DM-U D3-82
266,COL 173 SECTOR DO-F C12-4
267,COL 173 SECTOR DZ-D C13-2
268,COL 173 SECTOR EC-K B25-0
269,COL 173 SECTOR EC-L D8-54
270,COL 173 SECTOR EM-L D8-69
271,COL 173 SECTOR EZ-D C13-25
272,COL 173 SECTOR FC-L D8-28
273,COL 173 SECTOR FJ-E C13-6
274,COL 173 SECTOR FS-I C10-2
275,COL 173 SECTOR FZ-D C13-30
276,COL 173 SECTOR GA-O B23-1
277,COL 173 SECTOR GA-O B23-4
278,COL 173 SECTOR GG-E B28-3
279,COL 173 SECTOR GS-J B25-4
280,COL 173 SECTOR HI-M A55-0
281,COL 173 SECTOR HM-Z B28-1
282,COL 173 SECTOR HN-I B26-5
283,COL 173 SECTOR HN-J D9-52
284,COL 173 SECTOR HP-D C13-11
285,COL 173 SECTOR HR-M B23-3
286,COL 173 SECTOR HS-S D4-77
287,COL 173 SECTOR HU-D C13-2
288,COL 173 SECTOR IJ-G B27-1
289,COL 173 SECTOR IL-M C8-5
290,COL 173 SECTOR IU-C C14-24
291,COL 173 SECTOR IV-F B27-1
292,COL 173 SECTOR JB-F B27-1
293,COL 173 SECTOR JI-J B25-0
294,COL 173 SECTOR JP-C C14-13
295,COL 173 SECTOR JP-D C13-14
296,COL 173 SECTOR JX-K B24-0
297,COL 173 SECTOR KN-J B25-5
298,COL 173 SECTOR KP-T B34-8
299,COL 173 SECTOR KS-J D9-37
300,COL 173 SECTOR KT-G B40-2
301,COL 173 SECTOR KY-Q D5-13
302,COL 173 SECTOR KY-Q D5-26
303,COL 173 SECTOR KY-Q D5-47
304,COL 173 SECTOR KY-Q D5-9
305,COL 173 SECTOR LB-W B31-0
306,COL 173 SECTOR LD-R D5-18
307,COL 173 SECTOR LD-R D5-19
308,COL 173 SECTOR LD-R D5-43
309,COL 173 SECTOR LJ-F C12-0
310,COL 173 SECTOR LN-M B23-1
311,COL 173 SECTOR LT-Q D5-82
312,COL 173 SECTOR LT-Q D5-90
313,COL 173 SECTOR LY-Q D5-13
314,COL 173 SECTOR LY-Q D5-59
315,COL 173 SECTOR ME-P D6-92
316,COL 173 SECTOR MJ-H B26-0
317,COL 173 SECTOR MN-K B24-4
318,COL 173 SECTOR NV-B C14-1
319,COL 173 SECTOR NY-Q D5-44
320,COL 173 SECTOR OC-C B29-1
321,COL 173 SECTOR OD-J B25-2
322,COL 173 SECTOR OE-P D6-11
323,COL 173 SECTOR OG-Z C15-35
324,COL 173 SECTOR OT-Q D5-18
325,COL 173 SECTOR OZ-U B33-6
326,COL 173 SECTOR PE-P D6-110
327,COL 173 SECTOR PF-E B28-3
328,COL 173 SECTOR PN-V B18-0
329,COL 173 SECTOR PU-D C13-12
330,COL 173 SECTOR PV-B C14-1
331,COL 173 SECTOR PZ-O D6-110
332,COL 173 SECTOR PZ-O D6-116
333,COL 173 SECTOR QU-O D6-12
334,COL 173 SECTOR QU-O D6-25
335,COL 173 SECTOR QU-O D6-32
336,COL 173 SECTOR QY-B B29-0
337,COL 173 SECTOR RH-C B29-1
338,COL 173 SECTOR RT-I B25-1
339,COL 173 SECTOR RU-O D6-16
340,COL 173 SECTOR RU-O D6-33
341,COL 173 SECTOR SI-I B26-8
342,COL 173 SECTOR SN-S D4-63
343,COL 173 SECTOR SX-B B29-1
344,COL 173 SECTOR TG-A C15-12
345,COL 173 SECTOR TJ-A B30-0
346,COL 173 SECTOR TZ-P D5-35
347,COL 173 SECTOR UG-B C14-0
348,COL 173 SECTOR UP-O D6-16
349,COL 173 SECTOR UT-W B19-4
350,COL 173 SECTOR UU-O D6-20
351,COL 173 SECTOR UU-O D6-30
352,COL 173 SECTOR UU-O D6-42
353,COL 173 SECTOR UV-D B28-3
354,COL 173 SECTOR UZ-R B20-3
355,COL 173 SECTOR VN-A B30-1
356,COL 173 SECTOR VP-N D7-109
357,COL 173 SECTOR WF-N D7-52
358,COL 173 SECTOR WG-J C10-16
359,COL 173 SECTOR WK-A A48-4
360,COL 173 SECTOR WM-Y B31-2
361,COL 173 SECTOR WN-B B29-1
362,COL 173 SECTOR WP-O B22-1
363,COL 173 SECTOR WW-H C11-15
364,COL 173 SECTOR WZ-O B22-4
365,COL 173 SECTOR XF-N D7-105
366,COL 173 SECTOR XG-J C10-17
367,COL 173 SECTOR XH-H C11-21
368,COL 173 SECTOR XL-K B25-1
369,COL 173 SECTOR XT-Q B21-5
370,COL 173 SECTOR XY-Y B30-1
371,COL 173 SECTOR YA-N D7-17
372,COL 173 SECTOR YF-N B23-5
373,COL 173 SECTOR YF-N B23-6
374,COL 173 SECTOR YF-N C7-5
375,COL 173 SECTOR YF-N D7-74
376,COL 173 SECTOR YG-A C15-12
377,COL 173 SECTOR YG-A C15-20
378,COL 173 SECTOR YQ-W A63-2
379,COL 173 SECTOR YV-M D7-23
380,COL 173 SECTOR YW-H C11-16
381,COL 173 SECTOR YX-Q A25-0
382,COL 173 SECTOR ZL-L B24-2
383,COL 173 SECTOR ZL-L B24-7
384,COL 173 SECTOR ZS-F C12-27
385,COL 173 SECTOR ZW-Z C14-10
386,COL 173 SECTOR ZZ-N B23-1
387,COL 285 SECTOR AL-O D6-173
388,COL 285 SECTOR BQ-X C1-10
389,COL 285 SECTOR CV-X C1-17
390,COL 285 SECTOR CV-Y D57
391,COL 285 SECTOR CV-Y D71
392,COL 285 SECTOR EB-X D1-39
393,COL 285 SECTOR GO-L B23-0
394,COL 285 SECTOR GW-W D1-66
395,COL 285 SECTOR IL-X C1-16
396,COL 285 SECTOR IL-X C1-4
397,COL 285 SECTOR KY-H C10-26
398,COL 285 SECTOR LC-R B19-6
399,COL 285 SECTOR NM-V C2-9
400,COL 285 SECTOR OC-T B4-1
401,COL 285 SECTOR RI-R B5-3
402,COL 285 SECTOR TO-N B21-7
403,COL 285 SECTOR UF-J B24-6
404,COL 285 SECTOR VD-P B7-1
405,COL 285 SECTOR YO-Z C19
406,COL 285 SECTOR ZZ-Y D22
407,COL 359 SECTOR RN-A C14-4
408,COL 359 SECTOR XG-M B8-1
409,COLONIA
410,CPD-51 3323
411,CROOKAAE QT-C C15-2
412,CROOMOEA DA-A E7842
413,CSI-06-19031
414,CSI-20-17462
415,DELPHI
416,DIAGUANDRI
417,DROETH OD-T D3-1
418,DROJAEA FB-F C14-9
419,DROJAEA JL-Q B11-3
420,DROJAEA SU-V D3-49
421,DROJEAE QT-P D6-16
422,DROJU EF-R D4-0
423,DROJU HL-Y E0
424,DROJU NM-W E1-0
425,DROJU UM-M C7-0
426,DROJU WH-M C7-0
427,DROJU XS-E C26-1
428,DROJU YD-T D3-0
429,DRYAEA AOB DR-M D7-2109
430,DRYAEA AOB RZ-G D10-2989
431,DRYAEA BROO HX-T D3-44
432,DRYAEA FLEE GC-D D12-2343
433,DRYAEA FLEE GC-D D12-285
434,DRYAEA FLEE GC-D D12-4611
435,DRYAU AUSMS KG-Y E3390
436,DRYAU BRAI BH-Y C40
437,DRYEEJEAU ZX-H C23-2
438,DRYI AOC CB-O E6-329
439,DRYI AOC CH-C D13-218
440,DRYIO FLYUAE VZ-X D1-1010
441,DRYO AOB TO-M C22-0
442,DRYO AOB UJ-M C22-7
443,DRYO AOB VJ-M C22-2
444,DRYO AOB YZ-F D11-38
445,DRYO AOB ZZ-F D11-12
446,DRYO AOB ZZ-F D11-32
447,DRYOI GRIE NI-S E4-1229
448,DRYOOE PROU HH-C D475
449,DRYOOE PROU NI-A D1-1275
450,DRYUAE CHREA JH-V E2-8239
451,EACTAINDS DH-J D10-0
452,EACTAINDS VG-A C2-0
453,EAFOTS DU-C B41-1
454,EAFOTS PC-G B52-0
455,EAFOTS TC-M D7-10
456,EAFOTS YO-G C24-1
457,EAWRAINT RS-U D2-127
458,EEGAIPR EP-A D1
459,EEGAIPS SJ-R E4-0
460,EESHORKS CV-Y E2660
461,EESHORKS CV-Y E3683
462,EESHORKS QI-B D1411
463,EESHORKS WO-A E197
464,EESHORKS WO-A E52
465,EESHORPS DY-G D11-1031
466,EIDAIK OP-V D3-428
467,EITOSY GM-T D4-0
468,EITOSY XU-O D6-0
469,ELECTRA
470,ELEPHANT'S TRUNK SECTOR DL-Y D4
471,ELLAIRB CT-J C9-11
472,ELLAIRB IM-K B10-8
473,EOCH FLYUAE NO-E C13-135
474,EOCH PROO KI-S E4-275
475,EOCH PRUAE JI-K D8-297
476,EOCK BLUAE BY-T C3-0
477,EOCK BLUAE EL-Y E0
478,EOCK BLUAE PQ-X C1-0
479,EOCK FLYUAE PN-S D4-16
480,EOCS AIHM RU-I B9-0
481,EOL PROU HU-R C4-127
482,EOL PROU IW-W E1-1273
483,EOL PROU IW-W E1-2524
484,EOL PROU NC-V E2-346
485,EOL PROU PX-T D3-1732
486,EOL PROU VD-T E3-2324
487,EOL PROU VY-R D4-545
488,EOLLS GRAAE CG-X E1-0
489,EOLLS GRAAE HW-B C1-8
490,EOLLS HYPAI XK-N C23-1
491,EOLLS PROU QO-L C10-16
492,EOR AESCS VQ-C C26-2
493,EOR AUSCS MI-S E4-331
494,EOR AUSCS NI-S E4-13
495,EOR AUSCS XV-K D9-166
496,EORD PLOE FL-X C17-52
497,EORD PLOE ST-Y D1-804
498,EORD PRAU AC-B D14-628
499,EORD PRAU BH-K D9-84
500,EORD PRAU JM-V E2-212
501,EORD PRAU UJ-P D6-1078
502,EORD PRAU UJ-P D6-1079
503,EORL AUWSY AB-Y B56-28
504,EORL AUWSY CM-W B57-17
505,EORL AUWSY DH-W B57-58
506,EORL AUWSY DM-W B57-45
507,EORL AUWSY JR-N E6-6981
508,EORL AUWSY JR-N E6-7050
509,EORL AUWSY JX-Z C27-888
510,EORL AUWSY KN-Y C28-9
511,EORL AUWSY LN-Y C28-37
512,EORL AUWSY ND-Y C28-911
513,EORL AUWSY NS-B D13-2368
514,EORL AUWSY NS-B D13-4642
515,EORL AUWSY OS-B D13-1106
516,EORL AUWSY OS-B D13-132
517,EORL AUWSY OS-B D13-1619
518,EORL AUWSY OS-B D13-1952
519,EORL AUWSY PD-Y C28-54
520,EORL AUWSY PS-B D13-1805
521,EORL AUWSY PS-B D13-2869
522,EORL AUWSY PS-B D13-3974
523,EORL AUWSY PS-B D13-4295
524,EORL AUWSY PS-B D13-4554
525,EORL AUWSY PS-B D13-5023
526,EORL AUWSY PS-B D13-5388
527,EORL AUWSY PS-B D13-5711
528,EORL AUWSY PS-B D13-5884
529,EORL AUWSY PS-B D13-6242
530,EORL AUWSY QD-A D14-1389
531,EORL AUWSY QD-A D14-255
532,EORL AUWSY QD-A D14-3169
533,EORL AUWSY QD-A D14-4515
534,EORL AUWSY QD-A D14-4541
535,EORL AUWSY QD-A D14-5136
536,EORL AUWSY QD-A D14-6193
537,EORL AUWSY QD-A D14-798
538,EORL AUWSY QN-B D13-4055
539,EORL AUWSY QZ-Y B56-45
540,EORL AUWSY RD-A D14-3589
541,EORL AUWSY RD-A D14-4535
542,EORL AUWSY RY-Z D13-1614
543,EORL AUWSY RZ-Z B55-16
544,EORL AUWSY SY-Z D13-1087
545,EORL AUWSY SY-Z D13-1137
546,EORL AUWSY SY-Z D13-1139
547,EORL AUWSY SY-Z D13-1143
548,EORL AUWSY SY-Z D13-1255
549,EORL AUWSY SY-Z D13-1340
550,EORL AUWSY SY-Z D13-1424
551,EORL AUWSY SY-Z D13-1499
552,EORL AUWSY SY-Z D13-1674
553,EORL AUWSY SY-Z D13-1749
554,EORL AUWSY SY-Z D13-2020
555,EORL AUWSY SY-Z D13-2262
556,EORL AUWSY SY-Z D13-2352
557,EORL AUWSY SY-Z D13-2376
558,EORL AUWSY SY-Z D13-2879
559,EORL AUWSY SY-Z D13-3468
560,EORL AUWSY SY-Z D13-350
561,EORL AUWSY SY-Z D13-3556
562,EORL AUWSY SY-Z D13-3743
563,EORL AUWSY SY-Z D13-3861
564,EORL AUWSY SY-Z D13-3932
565,EORL AUWSY SY-Z D13-4014
566,EORL AUWSY SY-Z D13-4045
567,EORL AUWSY SY-Z D13-4137
568,EORL AUWSY SY-Z D13-4239
569,EORL AUWSY SY-Z D13-4588
570,EORL AUWSY SY-Z D13-4650
571,EORL AUWSY SY-Z D13-4684
572,EORL AUWSY SY-Z D13-4770
573,EORL AUWSY SY-Z D13-4952
574,EORL AUWSY SY-Z D13-5018
575,EORL AUWSY SY-Z D13-5133
576,EORL AUWSY SY-Z D13-5358
577,EORL AUWSY SY-Z D13-5438
578,EORL AUWSY SY-Z D13-544
579,EORL AUWSY SY-Z D13-5541
580,EORL AUWSY SY-Z D13-5549
581,EORL AUWSY SY-Z D13-5758
582,EORL AUWSY SY-Z D13-5797
583,EORL AUWSY SY-Z D13-6009
584,EORL AUWSY SY-Z D13-967
585,EORL AUWSY TY-Z D13-1367
586,EORL AUWSY TY-Z D13-2453
587,EORL AUWSY TY-Z D13-3300
588,EORL AUWSY TY-Z D13-3832
589,EORL AUWSY TY-Z D13-732
590,EORL AUWSY UT-Z D13-1173
591,EORL AUWSY UT-Z D13-1617
592,EORL AUWSY UT-Z D13-2003
593,EORL AUWSY UT-Z D13-432
594,EORL AUWSY VT-Z D13-1851
595,EORL AUWSY VZ-Z B55-41
596,EORL AUWSY XU-Z B55-3
597,EORL AUWSY YF-Y B56-16
598,EORL AUWSY ZZ-Z B55-50
599,EOWYG AIHM AD-S B31-0
600,EOWYG AOSCS XO-R D4-89
601,EPSILON CETI
602,EPSILON ORIONIS
603,ESKIMO SECTOR MC-V C2-2
604,ETA CARINA SECTOR BV-Y C11
605,ETA CARINA SECTOR EL-Y D16
606,ETA CARINA SECTOR EL-Y D19
607,ETA CARINA SECTOR GW-W C1-6
608,ETA CARINA SECTOR HR-W D1-8
609,ETA CARINA SECTOR IM-V C2-4
610,ETA CARINA SECTOR IR-W D1-10
611,ETA CARINA SECTOR IR-W D1-25
612,ETA CARINA SECTOR LC-V C2-8
613,ETA CARINA SECTOR PD-S B4-0
614,ETA CEPHEI
615,EULAIL QX-T D3-113
616,EULAIL QX-T D3-52
617,EXPHIAY
618,FACHEE YS-K C11-3
619,FAUST 538
620,FENGIRI
621,FINE RING SECTOR BV-Y C7
622,FINE RING SECTOR TJ-Q B5-0
623,FINE RING SECTOR XO-A C21
624,FLOALT KU-E D12-218
625,FLOANTH RZ-O D6-128
626,FLOAWNS BV-V D3-1123
627,FLOAWNS DQ-V D3-139
628,FLOAWNS DQ-V D3-142
629,FLOAWNS DQ-V D3-266
630,FLYAI EOHM NF-B C28-1
631,FLYAI FLYUAE CL-Y D0
632,FLYEIA DRYOAE AS-R B34-0
633,FLYEIA PHOEA LL-G C13-14
634,FLYOOE DRYEIA LC-S D5-0
635,FLYOOE DRYEIA LT-O D7-0
636,FLYOOE DRYEIA UP-N D7-0
637,FLYUA DRYOAE BL-J B56-3
638,FLYUA DRYOAE FT-F D12-29
639,FLYUA DRYOAE MF-C D14-69
640,FLYUA DRYOAE SU-M B54-0
641,FLYUA DRYOAE WO-V B49-3
642,FLYUA DRYOAE ZV-C C29-3
643,FLYUE DRYIAE CW-E D11-0
644,G 99-49
645,GARUDA
646,GLIESE 9046
647,GLUDGAA UW-E C11-22
648,GLUDGAE OL-L C21-14
649,GLUDGAE PL-L C21-17
650,GLUDGAE WV-E D11-52
651,GLUDGOEA WF-I B37-10
652,GRAEA DRYOU BG-C C1-15
653,GRAEA EOQ AN-H D11-46
654,GRAEA HYPUE AA-A H38
655,GRAEA HYPUE AH-R C6-17
656,GRAEA HYPUE BW-U D3-133
657,GRAEA HYPUE BW-U D3-36
658,GRAEA HYPUE BW-U D3-9
659,GRAEA HYPUE DR-U D3-134
660,GRAEA HYPUE DW-U D3-33
661,GRAEA HYPUE GX-S D4-157
662,GRAEA HYPUE HM-U D3-194
663,GRAEA HYPUE HR-V D2-7
664,GRAEA HYPUE SK-K C10-13
665,GRAEA HYPUE SK-K C10-49
666,GRAEA HYPUE TF-V D3-649
667,GRAEA HYPUE WE-Y D1-202
668,GRAEA HYPUE WE-Y D1-203
669,GRAEA HYPUE WJ-P C6-22
670,GRAEA HYPUE YP-W D2-100
671,GRAEA HYPUE YP-W D2-301
672,GRAEA HYPUE YP-W D2-302
673,GRAEA HYPUE YP-W D2-92
674,GRAEA HYPUE ZF-V D3-369
675,GREAE DRYOAE MU-D D13-7
676,GREAE PHIO DT-G D11-1473
677,GREAE PHIO DT-G D11-2101
678,GREAE PHIO FO-G D11-196
679,GREAE PHIO FO-G D11-3323
680,GREAE PHIO FO-G D11-632
681,GREAE PHIO FO-G D11-981
682,GREAE PHIO QE-Q E5-4021
683,GREAE PHIO YF-O E6-4798
684,GREAE PHOEA RX-V B47-59
685,GREAE PHOEA TZ-E D12-752
686,GREERUA IL-O D6-7
687,GREERUA QX-U E2-1
688,GREETHE LL-Y D19
689,GREETHUAE XV-T B50-0
690,GREOU EAEC RM-X B4-2
691,GREOU PHIO HS-W B5-0
692,GRIA DRYE AB-I B2
693,GRIA DRYE BE-F C33
694,GRIA DRYE ER-H B3
695,GRIA DRYE EY-C B0
696,GRIA DRYE FF-A E1
697,GRIA DRYE FL-U B8-1
698,GRIA DRYE GV-B C2-19
699,GRIA DRYE IG-W D2-1
700,GRIA DRYE KR-C D122
701,GRIA DRYE LT-B C3
702,GRIA DRYE MJ-V B7-5
703,GRIA DRYE QB-E B1
704,GRIA DRYE RO-X D2-257
705,GRIA DRYE SC-C D43
706,GRIA DRYE UO-Z E25
707,GRIA DRYE UX-B D24
708,GRIA DRYE UY-D C1-65
709,GRIA DRYE VU-V D3-103
710,GRIA DRYE WK-I B0
711,GRIA DRYE YT-F B0
712,GROOMUIA RZ-D D13-112
713,GRU EORK DL-Y G5
714,GRU HYPAI BF-P D6-40
715,GRU HYPUE KS-T D3-31
716,GRU PHIO BA-Z E398
717,GUUGUYNI
718,GYRADGAA WD-M B52-0
719,GYRADGUA MB-Q C20-1
720,HACHAO AU-A C0
721,HAR PA KAMS
722,HD 101131
723,HD 110137
724,HD 13030
725,HD 148937
726,HD 1740
727,HD 259637
728,HD 278990
729,HD 315024
730,HD 35901
731,HD 37127
732,HD 42292
733,HD 46131
734,HD 49798
735,HD 6270
736,HD 62755
737,HD 63154
738,HD 63868
739,HD 66438
740,HD 67061
741,HD 67314
742,HD 67557
743,HD 73105
744,HD 73430
745,HD 74454
746,HD 75126
747,HD 76838
748,HD 85469
749,HD 88079
750,HD 92989
751,HD 93098
752,HD 93424
753,HEART SECTOR DL-Y E12
754,HEART SECTOR RD-B B1
755,HEART SECTOR ZE-A D61
756,HEGEIA AA-Q D5-4
757,HEGUA BD-H B24-2
758,HEGUA ER-C B55-0
759,HEZ UR
760,HIND SECTOR BQ-Y D8
761,HIND SECTOR GR-W D1-13
762,HIP 10229
763,HIP 11125
764,HIP 11154
765,HIP 11278
766,HIP 114458
767,HIP 11457
768,HIP 11700
769,HIP 11981
770,HIP 12099
771,HIP 12635
772,HIP 12916
773,HIP 12952
774,HIP 12967
775,HIP 13786
776,HIP 14405
777,HIP 14648
778,HIP 14702
779,HIP 14746
780,HIP 14756
781,HIP 14908
782,HIP 14909
783,HIP 14969
784,HIP 15134
785,HIP 15279
786,HIP 15443
787,HIP 15746
788,HIP 15889
789,HIP 16171
790,HIP 16440
791,HIP 16572
792,HIP 16692
793,HIP 16704
794,HIP 16795
795,HIP 16985
796,HIP 17044
797,HIP 17225
798,HIP 17401
799,HIP 17403
800,HIP 17497
801,HIP 17675
802,HIP 17694
803,HIP 17837
804,HIP 17862
805,HIP 18077
806,HIP 18117
807,HIP 18368
808,HIP 18730
809,HIP 18778
810,HIP 18909
811,HIP 19026
812,HIP 19036
813,HIP 19266
814,HIP 19284
815,HIP 19549
816,HIP 19665
817,HIP 20318
818,HIP 20486
819,HIP 20644
820,HIP 20785
821,HIP 20830
822,HIP 20859
823,HIP 20964
824,HIP 20989
825,HIP 21251
826,HIP 21348
827,HIP 21373
828,HIP 21654
829,HIP 22118
830,HIP 22334
831,HIP 22347
832,HIP 22375
833,HIP 22382
834,HIP 22692
835,HIP 22711
836,HIP 22743
837,HIP 22851
838,HIP 23022
839,HIP 23269
840,HIP 2371
841,HIP 23759
842,HIP 24007
843,HIP 24934
844,HIP 25274
845,HIP 29214
846,HIP 29592
847,HIP 31194
848,HIP 32278
849,HIP 3289
850,HIP 33442
851,HIP 33475
852,HIP 33659
853,HIP 34322
854,HIP 34842
855,HIP 34906
856,HIP 34941
857,HIP 35245
858,HIP 35258
859,HIP 36218
860,HIP 36252
861,HIP 36777
862,HIP 36781
863,HIP 36823
864,HIP 37546
865,HIP 37610
866,HIP 38064
867,HIP 38660
868,HIP 38716
869,HIP 39111
870,HIP 39768
871,HIP 39773
872,HIP 39890
873,HIP 40594
874,HIP 40749
875,HIP 41908
876,HIP 42003
877,HIP 42459
878,HIP 43794
879,HIP 46193
880,HIP 46991
881,HIP 48720
882,HIP 49394
883,HIP 52116
884,HIP 52132
885,HIP 561
886,HIP 61997
887,HIP 64951
888,HIP 65529
889,HIP 70202
890,HIP 80804
891,HIP 85071
892,HIP 93783
893,HIPPARCHUS
894,HORAE
895,HR 1039
896,HR 1172
897,HR 1185
898,HR 1769
899,HR 1918
900,HR 1919
901,HR 2351
902,HR 2923
903,HR 3020
904,HR 4220
905,HR 4221
906,HR 5934
907,HR 6164
908,HR 7453
909,HYADES SECTOR AQ-Y D81
910,HYADES SECTOR AQ-Y D93
911,HYADES SECTOR BQ-Y D79
912,HYADES SECTOR CQ-Y D70
913,HYADES SECTOR DB-X C1-19
914,HYADES SECTOR DB-X C1-8
915,HYADES SECTOR KR-N B6-3
916,HYADES SECTOR MW-W B1-0
917,HYADES SECTOR PC-V B2-3
918,HYADES SECTOR XO-A C15
919,HYADES SECTOR ZU-Y C16
920,HYADUM I
921,HYEL YEH
922,HYIECHA QB-X D1-43
923,HYPAO BRAI YR-I D10-7
924,HYPHEERLD FV-W D2-53
925,HYPHEERLD GQ-W D2-2
926,HYPHEERLD UW-P C7-5
927,HYPI BRA EB-J B14-0
928,HYPI CHRIA TE-X B19-0
929,HYPIO BLOO JI-K D8-18
930,HYPIO BLOO NI-T D3-56
931,HYPOAE AIN PP-W C15-2
932,HYPOAE AIN QX-N B34-2
933,HYPOAE AIN WH-R C18-0
934,HYPOAE AIN YW-Z B27-1
935,HYPOAE AIN ZA-O D6-25
936,HYPOE PLOE WD-R B24-38
937,HYPOI FLYI JR-T D4-88
938,HYPUA FLYOAE UA-U D4-2373
939,HYPUA FLYOAE YG-S D5-1586
940,HYPUAE AIM IC-O B48-3
941,HYPUAE AIN AY-M B7-1
942,HYPUAE AIN YA-Z B42-1
943,IC 1287 SECTOR MN-T C3-11
944,IC 2391 SECTOR CA-A D43
945,IC 2391 SECTOR EG-W B2-3
946,IC 2391 SECTOR FG-X B1-9
947,IC 2391 SECTOR FL-X B1-7
948,IC 2391 SECTOR GW-V B2-4
949,IC 2391 SECTOR HG-X B1-7
950,IC 2391 SECTOR HG-X B1-8
951,IC 2391 SECTOR MX-T B3-6
952,IC 2391 SECTOR YE-A D103
953,IC 2391 SECTOR YZ-Y C10
954,IC 2391 SECTOR ZE-A D101
955,IC 2602 SECTOR EB-X D1-20
956,IC 2602 SECTOR UX-T B3-5
957,IC 2602 SECTOR XU-X B1-8
958,ICZ IW-V B2-4
959,IOWHAIH GY-B C16-0
960,IOWHAIL TD-T E3-2692
961,IOWHAIL VY-S E3-5339
962,IOWHAIL WY-S E3-8276
963,JELLYFISH SECTOR HR-W D1-19
964,JELLYFISH SECTOR JH-V C2-1
965,JELLYFISH SECTOR PD-S B4-2
966,JONGOAE MA-A D1
967,JONGOAE SX-L D7-0
968,JUIPEDUN
969,KAPPA FORNACIS
970,KAPPA-1 VOLANTIS
971,KARNARKI
972,KITAE
973,KUWEMAKI
974,KYLOALKS JE-O B11-25
975,LAGOON SECTOR FB-X C1-35
976,LAGOON SECTOR FW-W D1-136
977,LAGOON SECTOR FW-W D1-63
978,LAGOON SECTOR GW-W D1-131
979,LAGOON SECTOR JH-V C2-34
980,LAGOON SECTOR MX-T B3-5
981,LAGOON SECTOR NI-S B4-10
982,LAGOON SECTOR RO-R C4-22
983,LAGOON SECTOR ZU-Y D61
984,LALANDE 2966
985,LASI RY-R E4-3131
986,LHS 3739
987,LIABEZE
988,LTT 4461
989,LTT 4586
990,LTT 9455
991,LTT 9552
992,LUCHTAINE
993,LUYTEN'S STAR
994,LYAISOO OD-T E3-3353
995,LYAISOO SP-O E6-6511
996,LYSOOCH AU-Q B6-0
997,LYSOOCH JV-P D5-9
998,LYSOOSMS TS-F B52-5
999,M17 SECTOR ZP-X D1-43
1000,M36 SECTOR DL-Y D80
1001,M47 SECTOR GM-L B8-1
1002,M47 SECTOR GW-W D1-25
1003,MAIA
1004,MAORSI
1005,MEL 22 SECTOR AX-A B14-1
1006,MEL 22 SECTOR BV-P C5-2
1007,MEL 22 SECTOR CB-O C6-4
1008,MEL 22 SECTOR DB-X D1-46
1009,MEL 22 SECTOR DG-O C6-0
1010,MEL 22 SECTOR FH-U C3-9
1011,MEL 22 SECTOR FM-V D2-38
1012,MEL 22 SECTOR FM-V D2-67
1013,MEL 22 SECTOR HH-V D2-37
1014,MEL 22 SECTOR HH-V D2-53
1015,MEL 22 SECTOR IO-G B11-1
1016,MEL 22 SECTOR IS-S C4-6
1017,MEL 22 SECTOR JC-V D2-14
1018,MEL 22 SECTOR JC-V D2-15
1019,MEL 22 SECTOR JC-V D2-19
1020,MEL 22 SECTOR JC-V D2-31
1021,MEL 22 SECTOR JC-V D2-41
1022,MEL 22 SECTOR JX-T C3-9
1023,MEL 22 SECTOR KC-V D2-28
1024,MEL 22 SECTOR LN-T D3-60
1025,MEL 22 SECTOR LN-T D3-64
1026,MEL 22 SECTOR MC-V D2-19
1027,MEL 22 SECTOR MX-U D2-14
1028,MEL 22 SECTOR NT-Q C5-11
1029,MEL 22 SECTOR NX-U D2-27
1030,MEL 22 SECTOR NX-U D2-31
1031,MEL 22 SECTOR OO-Q C5-10
1032,MEL 22 SECTOR OO-Q C5-6
1033,MEL 22 SECTOR OY-R C4-5
1034,MEL 22 SECTOR SK-E B12-1
1035,MEL 22 SECTOR TT-R C4-2
1036,MEL 22 SECTOR UE-G B11-0
1037,MEL 22 SECTOR UT-R C4-4
1038,MEL 22 SECTOR WK-O C6-1
1039,MEL 22 SECTOR YU-F B11-1
1040,MEL 22 SECTOR ZM-H B11-3
1041,MEL 22 SECTOR ZU-P C5-1
1042,MEROPE
1043,MIZUCHI
1044,MOMOIRENT
1045,MONKEY HEAD SECTOR CQ-Y D34
1046,MONKEY HEAD SECTOR SO-R C4-10
1047,MU CASSIOPEIA
1048,MURNAKO
1049,MUSCA DARK REGION AA-Z C46
1050,MUSCA DARK REGION BQ-Y D86
1051,MUSCA DARK REGION CQ-Y D86
1052,MUSCA DARK REGION KM-W D1-70
1053,MUSCA DARK REGION LN-T C3-4
1054,MUSCA DARK REGION LY-Q B5-9
1055,MYEADAI TD-K D8-6
1056,MYNOARR WC-D B18-15
1057,MYNOAW RI-T E3-130
1058,MYNOAW RY-R E4-196
1059,MYOAGAAE ML-K C22-0
1060,MYOANGEIA KS-I D10-12
1061,MYOANGEIA SS-T C19-2
1062,MYOANGOI OW-N B39-0
1063,MYOANGUA UV-K D9-11
1064,MYRIESLY SI-B D13-7552
1065,MYRIESLY UD-Z C27-7013
1066,NEFERTEM
1067,NGC 1999 SECTOR QY-R C4-2
1068,NGC 2244 SECTOR CQ-O D6-29
1069,NGC 2244 SECTOR KI-Y C15-3
1070,NGC 2451A SECTOR BL-X C1-12
1071,NGC 2451A SECTOR DL-Y D61
1072,NGC 2451A SECTOR DQ-Y D2
1073,NGC 2451A SECTOR GW-W C1-12
1074,NGC 2451A SECTOR IR-W D1-77
1075,NGC 2451A SECTOR JB-X B1-4
1076,NGC 2451A SECTOR JR-W C1-1
1077,NGC 2451A SECTOR KS-T B3-0
1078,NGC 2451A SECTOR LX-U D2-25
1079,NGC 2451A SECTOR MC-V C2-5
1080,NGC 2451A SECTOR QT-R C4-18
1081,NGC 2451A SECTOR RI-T C3-27
1082,NGC 2451A SECTOR RT-R C4-19
1083,NGC 2451A SECTOR TO-R C4-10
1084,NGC 2451A SECTOR TO-R C4-3
1085,NGC 2451A SECTOR TY-R B4-6
1086,NGC 2451A SECTOR UO-R C4-4
1087,NGC 2451A SECTOR VJ-R C4-22
1088,NGC 2451A SECTOR WE-Q B5-6
1089,NGC 2546 SECTOR SY-I D9-12
1090,NGC 3199 SECTOR BG-X C1-6
1091,NGC 3199 SECTOR BV-Y C2
1092,NGC 3199 SECTOR DG-X C1-8
1093,NGC 3199 SECTOR DL-Y D12
1094,NGC 3199 SECTOR HH-V C2-7
1095,NGC 3199 SECTOR IM-V C2-5
1096,NGC 3199 SECTOR MC-V C2-3
1097,NGC 3199 SECTOR MC-V C2-8
1098,NGC 457 SECTOR EQ-X D1-0
1099,NGC 5281 SECTOR PC-C B42-0
1100,NGC 6357 SECTOR DL-Y E22
1101,NGC 6383 SECTOR ZU-Y D5
1102,NGC 6530 SECTOR FL-Y D67
1103,NGC 6530 WFI 16706
1104,NGC 7822 SECTOR MS-T C3-0
1105,NIDGIAE EL-N D7-0
1106,NIDGIAE FV-X D1-0
1107,NIDGIAE MS-J D9-0
1108,NIDGIAE PD-I D10-0
1109,NIDGIAE WV-Q C7-0
1110,NORTH AMERICA SECTOR GW-W D1-75
1111,NORTH AMERICA SECTOR OS-T B3-1
1112,NU TAURI
1113,NUEKAU DA-X D2-381
1114,NUEKAU HG-V D3-131
1115,NUEKOA GG-O C9-0
1116,NUEKUIA FL-A C3-9
1117,NYEAJAAE VU-H B16-0
1118,NYEAJEOU AM-B D14-52
1119,NYEAJEOU GD-B B59-2
1120,OBOTRIMA
1121,OEPHAIF GN-O C21-82
1122,OEPHAIF ND-I D10-608
1123,OEPHAIF RY-R E4-84
1124,OEPHAIF TE-G D11-298
1125,OEPHAIF VP-E D12-444
1126,OGAIMS EU-K B8-0
1127,OJV2009 J181841.72-134721.70
1128,OMEGA SECTOR AF-A D153
1129,OMEGA SECTOR BA-A E37
1130,OMEGA SECTOR BQ-Y D58
1131,OMEGA SECTOR CQ-Y C44
1132,OMEGA SECTOR DL-Y D127
1133,OMEGA SECTOR DL-Y D131
1134,OMEGA SECTOR DL-Y D158
1135,OMEGA SECTOR DL-Y D72
1136,OMEGA SECTOR DM-M B7-16
1137,OMEGA SECTOR DQ-Y C16
1138,OMEGA SECTOR EL-Y D118
1139,OMEGA SECTOR EL-Y D133
1140,OMEGA SECTOR EL-Y D159
1141,OMEGA SECTOR EL-Y D169
1142,OMEGA SECTOR EL-Y D215
1143,OMEGA SECTOR EL-Y D236
1144,OMEGA SECTOR EL-Y D241
1145,OMEGA SECTOR EL-Y D60
1146,OMEGA SECTOR EL-Y D62
1147,OMEGA SECTOR EL-Y D67
1148,OMEGA SECTOR EL-Y D82
1149,OMEGA SECTOR EL-Y D91
1150,OMEGA SECTOR FB-X C1-32
1151,OMEGA SECTOR GG-Y D153
1152,OMEGA SECTOR GW-W C1-10
1153,OMEGA SECTOR GW-W D1-117
1154,OMEGA SECTOR HR-W D1-16
1155,OMEGA SECTOR HR-W D1-194
1156,OMEGA SECTOR HR-W D1-6
1157,OMEGA SECTOR IH-V C2-24
1158,OMEGA SECTOR IR-W D1-208
1159,OMEGA SECTOR JH-V C2-6
1160,OMEGA SECTOR JI-J B9-2
1161,OMEGA SECTOR JM-V B2-3
1162,OMEGA SECTOR KC-V C2-15
1163,OMEGA SECTOR KC-V C2-67
1164,OMEGA SECTOR KR-V B2-7
1165,OMEGA SECTOR LC-V C2-26
1166,OMEGA SECTOR LC-V C2-52
1167,OMEGA SECTOR LC-V C2-65
1168,OMEGA SECTOR LC-V C2-75
1169,OMEGA SECTOR MI-S B4-3
1170,OMEGA SECTOR OI-T C3-16
1171,OMEGA SECTOR OS-T B3-14
1172,OMEGA SECTOR PD-S B4-14
1173,OMEGA SECTOR PD-S B4-7
1174,OMEGA SECTOR PY-R B4-1
1175,OMEGA SECTOR UJ-Q B5-4
1176,OMEGA SECTOR VE-Q B5-15
1177,OMEGA SECTOR VJ-Q B5-6
1178,OMEGA SECTOR WP-O B6-2
1179,OMEGA SECTOR YK-O B6-9
1180,ONGAIHN EC-D D12-473
1181,ONGAIHN IO-Z D13-7146
1182,OOCHOST NO-N B54-1
1183,OOCHOST VT-Z D13-0
1184,OOTOFF MJ-X C2-2
1185,OUTORDY JB-O D6-4
1186,OUTORDY MB-V C16-1
1187,OUTORDY VD-V B57-0
1188,OUTORDY ZD-Q C19-0
1189,OUTORST DF-C C27-1
1190,OUTORST GQ-G D10-28
1191,OUTORST IL-A C28-1
1192,OUTORST MB-F C11-0
1193,OUTORST VW-I C23-1
1194,OUTOTCH NA-H B10-0
1195,OUTOTZ AS-F B39-0
1196,OUTOTZ BB-V C16-0
1197,OUTOTZ EH-T C17-1
1198,OUTOTZ ND-J D9-5
1199,OUTOTZ XV-I B37-0
1200,P CARINAE
1201,P VELORUM
1202,PALLAENI
1203,PARROT'S HEAD SECTOR FB-X C1-7
1204,PARROT'S HEAD SECTOR IH-V C2-20
1205,PCYC 275
1206,PENCIL SECTOR EL-Y D5
1207,PENCIL SECTOR IR-W D1-144
1208,PENCIL SECTOR JM-V B2-13
1209,PENCIL SECTOR JM-W D1-97
1210,PENCIL SECTOR LR-W C1-16
1211,PENCIL SECTOR OC-U A3-2
1212,PENCIL SECTOR ZU-P B5-0
1213,PHA FLAAE II-J D9-175
1214,PHA FLEAU ND-K D8-81
1215,PHA FLEE OO-O D7-59
1216,PHA FLEE PO-O D7-6
1217,PHIPOEA BG-O E6-2320
1218,PHLEEDGAA ZP-O E6-3934
1219,PHRAA BLOO LX-U D2-16
1220,PHRAA BLOO LX-U D2-2
1221,PHRAA EAEC XJ-X D2-32
1222,PHROEA EAEC BL-O D6-3
1223,PHROEA HYPA ZC-Y B48-0
1224,PHROI PHOE UB-W C18-8
1225,PHYLUWYG XL-W C2-4
1226,PLAA AESCS WJ-L B35-13
1227,PLAA AIN HE-A C1-0
1228,PLEIADES SECTOR AV-Y C7
1229,PLEIADES SECTOR BG-X C1-10
1230,PLEIADES SECTOR BG-X C1-14
1231,PLEIADES SECTOR CB-N B7-0
1232,PLEIADES SECTOR CL-Y D43
1233,PLEIADES SECTOR CQ-P B5-0
1234,PLEIADES SECTOR DG-O B6-0
1235,PLEIADES SECTOR DG-X C1-11
1236,PLEIADES SECTOR DG-X C1-14
1237,PLEIADES SECTOR DQ-Y C4
1238,PLEIADES SECTOR DW-M B7-0
1239,PLEIADES SECTOR EB-X C1-2
1240,PLEIADES SECTOR EC-U B3-0
1241,PLEIADES SECTOR EH-U B3-2
1242,PLEIADES SECTOR EL-Y D23
1243,PLEIADES SECTOR FB-X C1-10
1244,PLEIADES SECTOR FM-V C2-7
1245,PLEIADES SECTOR FR-V C2-2
1246,PLEIADES SECTOR FR-V C2-7
1247,PLEIADES SECTOR FW-W D1-37
1248,PLEIADES SECTOR GG-Y D33
1249,PLEIADES SECTOR GH-L B8-0
1250,PLEIADES SECTOR GW-W D1-54
1251,PLEIADES SECTOR GW-W D1-65
1252,PLEIADES SECTOR HH-V C2-13
1253,PLEIADES SECTOR HH-V C2-6
1254,PLEIADES SECTOR HM-M B7-1
1255,PLEIADES SECTOR HM-V C2-10
1256,PLEIADES SECTOR HR-W D1-26
1257,PLEIADES SECTOR HR-W D1-66
1258,PLEIADES SECTOR IH-V C2-16
1259,PLEIADES SECTOR IH-V C2-3
1260,PLEIADES SECTOR IM-V C2-16
1261,PLEIADES SECTOR IR-W D1-37
1262,PLEIADES SECTOR IR-W D1-38
1263,PLEIADES SECTOR IR-W D1-61
1264,PLEIADES SECTOR IR-W D1-76
1265,PLEIADES SECTOR IX-S B4-1
1266,PLEIADES SECTOR IX-S B4-4
1267,PLEIADES SECTOR JC-U B3-2
1268,PLEIADES SECTOR JC-V C2-9
1269,PLEIADES SECTOR JM-W D1-52
1270,PLEIADES SECTOR JS-T C3-17
1271,PLEIADES SECTOR KH-V C2-1
1272,PLEIADES SECTOR KH-V C2-3
1273,PLEIADES SECTOR KH-V C2-7
1274,PLEIADES SECTOR KM-W D1-40
1275,PLEIADES SECTOR KS-S B4-1
1276,PLEIADES SECTOR KT-Q B5-3
1277,PLEIADES SECTOR LN-S B4-3
1278,PLEIADES SECTOR LN-T C3-11
1279,PLEIADES SECTOR LS-T C3-2
1280,PLEIADES SECTOR LX-U C2-2
1281,PLEIADES SECTOR LY-Q B5-2
1282,PLEIADES SECTOR MC-V C2-0
1283,PLEIADES SECTOR MC-V C2-6
1284,PLEIADES SECTOR MC-V C2-8
1285,PLEIADES SECTOR MM-V B2-2
1286,PLEIADES SECTOR MS-T B3-1
1287,PLEIADES SECTOR MX-U D2-54
1288,PLEIADES SECTOR MX-U D2-63
1289,PLEIADES SECTOR NN-T C3-15
1290,PLEIADES SECTOR OD-S B4-1
1291,PLEIADES SECTOR OI-T C3-7
1292,PLEIADES SECTOR OS-U C2-6
1293,PLEIADES SECTOR OS-U C2-7
1294,PLEIADES SECTOR OY-R C4-19
1295,PLEIADES SECTOR PI-T C3-9
1296,PLEIADES SECTOR PN-S B4-1
1297,PLEIADES SECTOR PN-T B3-0
1298,PLEIADES SECTOR QJ-Q B5-2
1299,PLEIADES SECTOR RO-Q B5-0
1300,PLEIADES SECTOR SE-P B6-0
1301,PLEIADES SECTOR SP-N B7-0
1302,PLEIADES SECTOR UK-N B7-3
1303,PLEIADES SECTOR UZ-X B1-2
1304,PLEIADES SECTOR VF-N B7-0
1305,PLEIADES SECTOR VK-N B7-0
1306,PLEIADES SECTOR WE-Q B5-2
1307,PLEIADES SECTOR XE-Q B5-2
1308,PLEIADES SECTOR XO-A C9
1309,PLEIADES SECTOR XU-P B5-1
1310,PLEIADES SECTOR ZZ-Y C14
1311,PLEIONE
1312,PLIELE XE-T C6-29
1313,PLIO AUWSY NJ-G D11-16
1314,PLOEA AIP IG-Y D47
1315,PLOEA AIP RX-S C20-1
1316,PLOI AEWSY KM-W F1-3
1317,PLOI AEWSY OJ-Q E5-1
1318,PLOI THUA CO-E C26-0
1319,PLOI THUA MA-W B44-0
1320,PLOI THUA WU-G D10-10
1321,PRAEA EUQ BF-A D93
1322,PRAEA EUQ CM-L C21-30
1323,PRAEA EUQ DJ-W B7-0
1324,PRAEA EUQ EH-D D12-22
1325,PRAEA EUQ FQ-P C5-17
1326,PRAEA EUQ HF-S B45-3
1327,PRAEA EUQ JI-B D13-104
1328,PRAEA EUQ JW-F B52-4
1329,PRAEA EUQ KT-Z D13-59
1330,PRAEA EUQ LH-D C12-4
1331,PRAEA EUQ LZ-S C3-21
1332,PRAEA EUQ MM-W D1-75
1333,PRAEA EUQ MU-E C25-2
1334,PRAEA EUQ NF-R B4-8
1335,PRAEA EUQ NG-Y D80
1336,PRAEA EUQ OC-F B39-1
1337,PRAEA EUQ OR-W B1-5
1338,PRAEA EUQ TF-K B36-4
1339,PRAEA EUQ VH-V D2-46
1340,PRAEA EUQ VK-N C20-11
1341,PRAEA EUQ XE-R E4-17
1342,PRAEA EUQ ZC-Z C27-11
1343,PRAEA EUQ ZW-H B37-7
1344,PRAEI AEDST YS-P C19-0
1345,PRAEI AIL CF-A C3
1346,PRAI EON PF-E B58-4
1347,PRAI HYPOO AN-E B2-0
1348,PRAI HYPOO GF-E C10
1349,PRAI HYPOO HF-E C7
1350,PRAI HYPOO JQ-C C1-5
1351,PRAI HYPOO KV-D C7
1352,PRAI HYPOO MA-H B1-2
1353,PRAI HYPOO OH-C D30
1354,PRAI HYPOO PC-C D50
1355,PRAI HYPOO QC-C D19
1356,PRAI HYPOO QC-C D20
1357,PRAI HYPOO QC-C D31
1358,PRAI HYPOO QC-C D32
1359,PRAI HYPOO SX-B D10
1360,PRAI HYPOO SX-B D23
1361,PRAI HYPOO SX-B D35
1362,PRAI HYPOO SX-B D36
1363,PRAI HYPOO SX-B D39
1364,PRAI HYPOO SX-B D46
1365,PRAI HYPOO VG-G B1-1
1366,PRAI HYPOO VR-E B2-3
1367,PRAI HYPOO WD-A D1-41
1368,PRAI HYPOO WD-A D1-6
1369,PRAI HYPOO WH-D B3-4
1370,PRAI HYPOO YM-E B2-2
1371,PREAE AIHM HS-A D1-3
1372,PREAE AIN WZ-X D1-5
1373,PREAE AIN YU-X D1-8
1374,PREAE AIP PI-B E1
1375,PREIA PHIO WA-M D8-24
1376,PREOU AIL JG-N C20-45
1377,PREOU THUA LK-G B27-0
1378,PRIA CHREA UL-P C5-2
1379,PRIA CHRIE UW-A C14-0
1380,PRIA FRAAE WP-V D3-7
1381,PRIELAEI KA-P C19-94
1382,PRIELAEI QJ-I B39-1
1383,PRIELAEI RW-H B38-1
1384,PRIELAEI RY-H D10-73
1385,PRIELAEI SK-E B42-3
1386,PRIELAEI XH-X B46-1
1387,PRIELEA GA-C C2-0
1388,PRIELEA ND-Q D6-18
1389,PRO AEC ZU-N D7-7
1390,PRO AUWSY PS-S D4-9
1391,PRO AUWSY QY-E C13-0
1392,PRO EUR RY-I C9-7
1393,PRO EURL DG-M D8-1
1394,PRO EURL FF-Q D5-16
1395,PRO EURL GL-O D6-18
1396,PRO EURL HM-K D9-6
1397,PROOE DRYEIA GC-U D3-0
1398,PROOE HYPA CJ-R C21-38
1399,PROOE PHIO GP-W C3-5
1400,PRU AED GG-O D6-36
1401,PRU AED KW-M C7-8
1402,PRU AED NR-S B18-1
1403,PRU AED VO-N B21-2
1404,PRU AED VT-R D4-17
1405,PRU AED ZZ-F C11-9
1406,PRU AERB QX-U D2-1
1407,PRU AIN BG-E D12-46
1408,PRU EUQ KC-H B51-3
1409,PRUA DRYOAE GH-C C29-3
1410,PRUA PHOE GH-T D4-117
1411,PRUA PHOE QW-B C1-2
1412,PRUA PHOE TS-B D135
1413,PRUA PHOE TS-B D252
1414,PRUA PHOE TS-B D56
1415,PRUA PHOE TS-B D91
1416,PRUA PHOE US-B D12
1417,PRUA PHOE US-B D86
1418,PRUA PHOE US-B D93
1419,PRUA PHOE WN-B D15
1420,PRUA PHOE WN-B D16
1421,PRUA PHOE WN-B D61
1422,PRUA PHOE XY-Z D114
1423,PRUA PHOE XY-Z D42
1424,PRUA PHOE YY-Z D178
1425,PRUA PHOEA QP-M B37-2
1426,PRUA PHOEA TO-O D7-2
1427,PUELAA FC-Z B16-3
1428,PUELAA KS-P B8-0
1429,PUPPIS DARK REGION B SECTOR DL-Y D17
1430,PW CEPHEI
1431,PW2010 112
1432,PW2010 138
1433,PW2010 187
1434,PW2010 207
1435,PW2010 210
1436,PW2010 242
1437,PW2010 305
1438,PW2010 332
1439,PW2010 423
1440,PW2010 98
1441,PYRALEAU VS-Z B2-1
1442,PYRAMOE MI-B D2
1443,PYRAMOE WV-C D73
1444,PYRAMOE WV-C D74
1445,PYTHAICS CV-W D2-3231
1446,PYULT DY-G D11-15
1447,PYURKS FN-U C19-9
1448,PYURKS PQ-N C23-11
1449,QIEDEA BM-K D9-27
1450,QIEDEAU GL-H C25-4
1451,QIEDIA BR-C D1
1452,QIEDUIA NS-N B12-2
1453,R CRA SECTOR EC-L B8-0
1454,R CRA SECTOR LS-T C3-3
1455,ROSETTE SECTOR EL-Y D15
1456,ROSETTE SECTOR GW-W D1-34
1457,ROSS 859
1458,ROTHAAE JX-Z C27-3
1459,ROTHEAU HB-F D11-1
1460,ROTHEAU OR-V D2-3
1461,ROTHEAU WT-I D9-1
1462,RUEKO GN-B D13-63
1463,S171 30
1464,S171 5
1465,SADR REGION SECTOR FB-X C1-22
1466,SCHEAU BLAO DW-N E6-195
1467,SCHEAU BLAO KY-Z D13-1073
1468,SCHEAU BLAO KY-Z D13-504
1469,SCHEAU BLAO KY-Z D13-506
1470,SCHEAU BLAO KY-Z D13-578
1471,SCHEAU BYOE WJ-Y D1-1180
1472,SCHEAU BYOE XJ-P D6-1171
1473,SCHEAU BYOE XJ-P D6-2474
1474,SCHEAU PLOE EW-C D613
1475,SCHEE BLI FG-Y G516
1476,SEGNAO MN-Q D6-5231
1477,SEGNAO YA-H C13-238
1478,SHAPSUGS
1479,SHINRARTA DEZHRA
1480,SHROGAAE EV-O D6-2507
1481,SHROGAAE HA-A E2274
1482,SHROGAAE HA-A E5471
1483,SHROGAAE JK-A D2822
1484,SHROGAAE KK-A D983
1485,SHROGAAE NH-V E2-138
1486,SHROGAAE RN-T E3-2269
1487,SHROGEAU YU-P E5-3386
1488,SIFEAE IZ-V C16-7
1489,SKAUDAI AM-B D14-138
1490,SKAUDAI BH-B D14-47
1491,SKAUDAI CH-B D14-28
1492,SKAUDAI CH-B D14-34
1493,SKAUDAI CH-B D14-81
1494,SKAUDAI DC-B D14-13
1495,SKAUDAI HZ-A C29-2
1496,SKAUDAI JP-A C29-5
1497,SKAUDAI LD-C B58-6
1498,SKAUDAI QO-B B58-5
1499,SKAUDAI QT-B B58-1
1500,SKAUDAO TL-B D14-63
1501,SKAUDE AA-A H294
1502,SKAUDOAE JO-O D7-96
1503,SKAUDOU HN-G B57-2
1504,SLEGAO CW-S B9-0
1505,SLEGAO DM-P C8-4
1506,SLEGAO GL-F C27-0
1507,SLEGAO SV-B D14-5
1508,SLEGE CE-B D3
1509,SLEGE QO-Q D5-0
1510,SLENGIE TJ-Z E1
1511,SLENGOA MJ-C B0
1512,SLULEE MD-R C5-14
1513,SLULEE NE-O C7-21
1514,SMOJAI DV-O B6-0
1515,SMOJAI FV-P C5-12
1516,SMOJAI IR-W D1-11
1517,SMOJAI ST-R C4-0
1518,SMOJAI UD-T D3-4
1519,SMOJAI XE-R E4-2
1520,SMOJAI YL-R B32-1
1521,SMOJUE CV-O B9-0
1522,SMOJUE DL-P D5-50
1523,SMOJUE GJ-X B42-1
1524,SNAKE SECTOR HR-W D1-35
1525,SNAKE SECTOR PD-S B4-6
1526,SNOTRICOPA
1527,SOL
1528,SOONTILL
1529,SOTHIS
1530,SPOORE DH-M D7-15
1531,SPOORUAE CC-S D5-10
1532,SSTGLMC G013.9529-00.4460
1533,STATUE OF LIBERTY SECTOR DL-Y D25
1534,STRAAE EOHN QP-N C23-0
1535,STRAAE EOHN WX-F D12-4
1536,STRANOA IR-N D6-238
1537,STRANOA QY-Z C13-9
1538,STRUVE'S LOST SECTOR NN-T C3-1
1539,STRUVE'S LOST SECTOR NN-T C3-6
1540,STRUVE'S LOST SECTOR OI-T C3-3
1541,STUELUE FE-E D13-218
1542,SVANTICANI
1543,SWOILZ BH-G B3-4
1544,SWOILZ EB-X C17-1
1545,SWOILZ FI-D B2-0
1546,SWOILZ IX-F C11
1547,SWOILZ KV-N B7-0
1548,SWOILZ LH-G B3-0
1549,SWOILZ LH-Z B31-0
1550,SWOILZ OI-Z D1-25
1551,SWOILZ OI-Z D1-33
1552,SWOILZ OI-Z D1-59
1553,SWOILZ PC-U C3-0
1554,SWOILZ PT-Z B32-1
1555,SWOILZ QE-T C6-13
1556,SWOILZ ZV-C D82
1557,SWOIRSTS UJ-D B17-5
1558,SWOIWNS HV-H B55-1
1559,SYNUEFAI CG-T B47-0
1560,SYNUEFAI GW-B B43-0
1561,SYNUEFAI RK-Y C17-3
1562,SYNUEFAI RR-W D1-0
1563,SYNUEFAI UA-Y C17-4
1564,SYNUEFAI UZ-M D8-63
1565,SYNUEFAI WV-X C17-12
1566,SYNUEFAI YQ-X C17-7
1567,SYNUEFAI YQ-X C17-8
1568,SYNUEFE AA-P C22-7
1569,SYNUEFE AH-J D10-103
1570,SYNUEFE AH-J D10-20
1571,SYNUEFE AH-J D10-46
1572,SYNUEFE AK-B B32-2
1573,SYNUEFE AK-Y C17-5
1574,SYNUEFE AN-H D11-101
1575,SYNUEFE AU-Z C16-3
1576,SYNUEFE BE-R C21-35
1577,SYNUEFE BF-P D6-0
1578,SYNUEFE BH-J D10-68
1579,SYNUEFE BO-G B44-6
1580,SYNUEFE BO-S C20-18
1581,SYNUEFE BR-H C12-0
1582,SYNUEFE BZ-Q C21-11
1583,SYNUEFE CE-R C21-6
1584,SYNUEFE CN-H D11-63
1585,SYNUEFE CQ-A B32-0
1586,SYNUEFE CS-H D11-121
1587,SYNUEFE CU-R C20-8
1588,SYNUEFE CW-V C18-6
1589,SYNUEFE CY-G B44-5
1590,SYNUEFE DE-P B39-3
1591,SYNUEFE DJ-G B44-3
1592,SYNUEFE DK-D B46-12
1593,SYNUEFE DK-D B46-4
1594,SYNUEFE DK-P C22-35
1595,SYNUEFE DP-Z C16-19
1596,SYNUEFE DZ-Q C21-14
1597,SYNUEFE DZ-X B34-4
1598,SYNUEFE EA-U B50-3
1599,SYNUEFE EC-K D9-18
1600,SYNUEFE ED-I B43-8
1601,SYNUEFE EF-Q D5-4
1602,SYNUEFE EN-H D11-106
1603,SYNUEFE EN-H D11-28
1604,SYNUEFE EN-H D11-29
1605,SYNUEFE EN-H D11-5
1606,SYNUEFE EN-H D11-96
1607,SYNUEFE EU-Q C21-10
1608,SYNUEFE EU-Q C21-15
1609,SYNUEFE EZ-F B44-2
1610,SYNUEFE FF-P C22-35
1611,SYNUEFE FG-T C18-2
1612,SYNUEFE FK-P C22-2
1613,SYNUEFE FL-O B36-0
1614,SYNUEFE FM-T D4-32
1615,SYNUEFE FN-H D11-9
1616,SYNUEFE FU-E B45-5
1617,SYNUEFE GI-Z B18-0
1618,SYNUEFE GJ-G B44-9
1619,SYNUEFE GK-D A108-2
1620,SYNUEFE GK-T B22-0
1621,SYNUEFE GQ-N C23-21
1622,SYNUEFE GR-V E2-4
1623,SYNUEFE GT-H B43-1
1624,SYNUEFE GV-T B50-4
1625,SYNUEFE HA-P C22-22
1626,SYNUEFE HE-G B44-5
1627,SYNUEFE HE-U C18-0
1628,SYNUEFE HF-P C22-17
1629,SYNUEFE HL-N C23-4
1630,SYNUEFE HP-E B45-4
1631,SYNUEFE HP-E B45-8
1632,SYNUEFE HT-F D12-29
1633,SYNUEFE HZ-M D8-69
1634,SYNUEFE IE-G B44-2
1635,SYNUEFE IH-T D4-14
1636,SYNUEFE IJ-G B44-5
1637,SYNUEFE IL-N C23-15
1638,SYNUEFE IL-N C23-19
1639,SYNUEFE IL-W C18-29
1640,SYNUEFE IM-M B37-0
1641,SYNUEFE IN-I D10-18
1642,SYNUEFE IR-R B35-0
1643,SYNUEFE IT-F D12-5
1644,SYNUEFE IZ-X B34-3
1645,SYNUEFE JN-R D5-22
1646,SYNUEFE JP-E B45-4
1647,SYNUEFE JU-M D8-50
1648,SYNUEFE JZ-F B44-8
1649,SYNUEFE KD-J B42-5
1650,SYNUEFE KG-W C18-16
1651,SYNUEFE KJ-C C15-6
1652,SYNUEFE KU-F B44-4
1653,SYNUEFE KX-J D9-7
1654,SYNUEFE KZ-F B44-5
1655,SYNUEFE LD-A C17-1
1656,SYNUEFE LD-A C17-3
1657,SYNUEFE LH-M D7-4
1658,SYNUEFE LQ-T B50-1
1659,SYNUEFE LS-O B37-0
1660,SYNUEFE LY-I B42-2
1661,SYNUEFE MF-O A88-4
1662,SYNUEFE MJ-O D7-14
1663,SYNUEFE MK-M D8-20
1664,SYNUEFE MN-J D9-13
1665,SYNUEFE MY-P D6-38
1666,SYNUEFE NB-B B47-10
1667,SYNUEFE NH-R B38-5
1668,SYNUEFE NJ-O D7-11
1669,SYNUEFE NJ-O D7-26
1670,SYNUEFE NJ-O D7-29
1671,SYNUEFE NL-N C23-4
1672,SYNUEFE NU-A C16-9
1673,SYNUEFE NU-F B44-5
1674,SYNUEFE NU-M D8-99
1675,SYNUEFE NY-M C9-2
1676,SYNUEFE OB-N C23-19
1677,SYNUEFE OF-E B45-4
1678,SYNUEFE OT-I B42-4
1679,SYNUEFE OT-P D6-19
1680,SYNUEFE OV-K D9-56
1681,SYNUEFE OW-M A75-1
1682,SYNUEFE PF-E B45-5
1683,SYNUEFE PJ-D B46-10
1684,SYNUEFE PM-L C24-24
1685,SYNUEFE PX-J C25-8
1686,SYNUEFE QA-E B45-4
1687,SYNUEFE QJ-O D7-49
1688,SYNUEFE QO-P D6-20
1689,SYNUEFE QP-E C28-13
1690,SYNUEFE QW-J B42-3
1691,SYNUEFE QX-I A91-0
1692,SYNUEFE RA-E B45-5
1693,SYNUEFE RD-J B39-0
1694,SYNUEFE RE-O D7-11
1695,SYNUEFE RE-O D7-14
1696,SYNUEFE RE-O D7-18
1697,SYNUEFE RE-O D7-42
1698,SYNUEFE RE-O D7-9
1699,SYNUEFE RF-L D9-14
1700,SYNUEFE RL-C B46-6
1701,SYNUEFE RR-I B43-9
1702,SYNUEFE RS-P B39-3
1703,SYNUEFE RT-P D6-15
1704,SYNUEFE RT-Z C16-13
1705,SYNUEFE RV-K D9-59
1706,SYNUEFE SI-M B39-0
1707,SYNUEFE SP-F B44-0
1708,SYNUEFE SV-U B49-5
1709,SYNUEFE TE-O D7-39
1710,SYNUEFE TP-F B44-0
1711,SYNUEFE UK-V B35-0
1712,SYNUEFE UL-N A116-1
1713,SYNUEFE UL-X A69-2
1714,SYNUEFE US-B C16-23
1715,SYNUEFE US-B C16-5
1716,SYNUEFE UV-H C12-7
1717,SYNUEFE UY-R B34-0
1718,SYNUEFE UZ-X C17-10
1719,SYNUEFE UZ-X C17-12
1720,SYNUEFE VK-F B44-0
1721,SYNUEFE VL-X A69-2
1722,SYNUEFE VM-D C15-10
1723,SYNUEFE VM-S B37-3
1724,SYNUEFE VS-B C16-25
1725,SYNUEFE VS-Q B38-0
1726,SYNUEFE VZ-C B46-0
1727,SYNUEFE WJ-D B46-0
1728,SYNUEFE WL-J D10-113
1729,SYNUEFE WU-X C17-8
1730,SYNUEFE XI-G B44-6
1731,SYNUEFE XJ-P C22-16
1732,SYNUEFE XJ-P C22-2
1733,SYNUEFE XL-X A69-1
1734,SYNUEFE XO-P C22-17
1735,SYNUEFE XR-H D11-102
1736,SYNUEFE XR-H D11-90
1737,SYNUEFE XT-N B40-1
1738,SYNUEFE XX-O B24-1
1739,SYNUEFE XY-Q C21-1
1740,SYNUEFE YP-X C17-1
1741,SYNUEFE YP-X C17-8
1742,SYNUEFE YT-N B40-5
1743,SYNUEFE YV-I C11-1
1744,SYNUEFE YX-T A71-2
1745,SYNUEFE YY-Q C21-19
1746,SYNUEFE ZA-N B37-0
1747,SYNUEFE ZB-Y B48-6
1748,SYNUEFE ZD-G B44-0
1749,SYNUEFE ZG-J D10-49
1750,SYNUEFE ZG-J D10-79
1751,SYNUEFE ZL-J D10-109
1752,SYNUEFE ZL-J D10-119
1753,SYNUEFE ZM-H D11-91
1754,SYNUEFE ZR-I B43-10
1755,SYNUEFUE IS-Q B52-1
1756,SYRAI THEIA QP-W C15-0
1757,SYRIVIA RI-B D13-11
1758,SYRIVIA WS-U D2-14
1759,SYROIFUE MO-Z B27-0
1760,SYSTEASI IO-G D11-13
1761,T TAURI
1762,TAURUS DARK REGION BQ-Y C12
1763,TAURUS DARK REGION BV-Y C11
1764,TAURUS DARK REGION CL-Y D53
1765,TAURUS DARK REGION CQ-Y D31
1766,TAURUS DARK REGION CQ-Y D36
1767,TAURUS DARK REGION DB-X D1-26
1768,TAURUS DARK REGION DL-Y D54
1769,TAURUS DARK REGION FW-W C1-3
1770,TAURUS DARK REGION IR-W D1-47
1771,TAURUS DARK REGION JH-V C2-9
1772,TAURUS DARK REGION KX-T B3-0
1773,TAURUS DARK REGION MY-R B4-1
1774,TAURUS DARK REGION OX-U C2-10
1775,TAURUS DARK REGION QN-T B3-0
1776,TAURUS DARK REGION QO-Q B5-0
1777,TEGNAE HT-Z D13-1
1778,TEUTEN
1779,THAILAE II-Z D1-34
1780,THAILOEA FB-H B55-1
1781,THAILOI MJ-P D6-20
1782,THAILOI RB-Z B31-0
1783,THUECHE LS-A D1-10
1784,TIGS JZ-M D8-4
1785,TIRIS
1786,TR 24 SECTOR JS-T D3-5
1787,TR 24 SECTOR MP-D C13-1
1788,TR 24 SECTOR RM-P C20-9
1789,TRAIKAAE CH-Y C10
1790,TRAIKAAE CR-N E6-1
1791,TRAIKAAE CW-E D11-272
1792,TRAIKAAE DF-R D4-6
1793,TRAIKAAE FS-H C11-0
1794,TRAIKAAE GI-B D13-237
1795,TRAIKAAE GT-Z D13-9
1796,TRAIKAAE GX-O B24-0
1797,TRAIKAAE HD-Q D6-5
1798,TRAIKAAE HN-R D5-0
1799,TRAIKAAE HY-F C12-2
1800,TRAIKAAE HY-L B26-0
1801,TRAIKAAE KT-P D6-10
1802,TRAIKAAE KT-P D6-9
1803,TRAIKAAE LD-S E4-2
1804,TRAIKAAE LF-J C11-1
1805,TRAIKAAE NJ-L B26-0
1806,TRAIKAAE NO-F C12-2
1807,TRAIKAAE OF-T C18-1
1808,TRAIKAAE OG-G C13-1
1809,TRAIKAAE OO-F C12-1
1810,TRAIKAAE QL-V B19-0
1811,TRAIKAAE RT-Q D5-22
1812,TRAIKAAE UO-X D2-3
1813,TRAIKAAE UR-T B20-0
1814,TRAIKAAE VM-F C13-1
1815,TRAIKAAE VP-K B26-0
1816,TRAIKAAE VV-P B46-7
1817,TRAIKAAE WY-Q C5-1
1818,TRAIKAAE XF-A C8
1819,TRAIKAAE ZY-C C27-11
1820,TRAIKEOU RA-B C15-3
1821,TRAIKEOU TV-A C15-3
1822,TRAIKEOU UV-A C15-0
1823,TRAIKOA GR-N E6-31
1824,TRAIKOA PD-U B58-9
1825,TRAIKOA QP-B C28-10
1826,TRAIKOA VO-X C28-34
1827,TRAIKOA XO-Z D13-27
1828,TRAIKOA XO-Z D13-59
1829,TRAPEZIUM SECTOR XO-Y B1-0
1830,TRIFID OF THE NORTH SECTOR BQ-Y D3
1831,TRIFID OF THE NORTH SECTOR DL-Y D5
1832,TRIFID OF THE NORTH SECTOR DL-Y E0
1833,TRIFID OF THE NORTH SECTOR FW-W C1-0
1834,TRIFID OF THE NORTH SECTOR GW-W D1-1
1835,TRIFID OF THE NORTH SECTOR HR-W D1-8
1836,TRIFID OF THE NORTH SECTOR IR-W D1-4
1837,TRIFID OF THE NORTH SECTOR SO-R C4-0
1838,TRIFID SECTOR BA-A E25
1839,TRIFID SECTOR BQ-Y D11
1840,TRIFID SECTOR BQ-Y D226
1841,TRIFID SECTOR FW-W D1-233
1842,TRIFID SECTOR HR-W D1-256
1843,TV MUSCAE
1844,TYROESLY VM-W D1-1
1845,V1588 ORIONIS
1846,V2 PUPPIS
1847,V4197 SAGITTARII
1848,V4203 SAGITTARII
1849,V518 CARINAE
1850,V655 CARINAE
1851,VEIL EAST SECTOR DL-Y D19
1852,VEIL WEST SECTOR DL-Y D68
1853,VEIL WEST SECTOR GW-W C1-1
1854,VEIL WEST SECTOR GW-W C1-13
1855,VEIL WEST SECTOR KC-V C2-18
1856,VELA DARK REGION BQ-Y D110
1857,VELA DARK REGION BQ-Y D94
1858,VELA DARK REGION CQ-Y C0
1859,VELA DARK REGION DL-Y D112
1860,VELA DARK REGION DL-Y D80
1861,VELA DARK REGION DL-Y D83
1862,VELA DARK REGION DL-Y D91
1863,VELA DARK REGION DQ-Y D106
1864,VELA DARK REGION EG-X B1-1
1865,VELA DARK REGION EL-Y D32
1866,VELA DARK REGION EL-Y D55
1867,VELA DARK REGION FL-Y D63
1868,VELA DARK REGION HB-X C1-20
1869,VELA DARK REGION HB-X C1-28
1870,VELA DARK REGION IW-W B1-3
1871,VELA DARK REGION JS-T B3-0
1872,VELA DARK REGION JW-W C1-3
1873,VELA DARK REGION KR-W C1-24
1874,VELA DARK REGION LR-W C1-11
1875,VELA DARK REGION RC-V B2-5
1876,VELA DARK REGION RY-R B4-7
1877,VELA DARK REGION VO-Q B5-1
1878,VELA DARK REGION WT-R B4-3
1879,VELA DARK REGION YO-R B4-1
1880,VELA DARK REGION ZE-A D66
1881,VIRUDNIR
1882,WEPAA BQ-X E1-3388
1883,WEPAA XJ-P D6-245
1884,WEPIAE QQ-P C8-454
1885,WHUEFUA WA-M D8-0
1886,WHUEFUA ZK-N D7-0
1887,WITCH HEAD SECTOR BG-O B6-0
1888,WITCH HEAD SECTOR DL-Y D17
1889,WITCH HEAD SECTOR FB-X C1-11
1890,WITCH HEAD SECTOR GW-W C1-4
1891,WITCH HEAD SECTOR HH-V C2-2
1892,WITCH HEAD SECTOR HH-V C2-3
1893,WITCH HEAD SECTOR HW-W C1-7
1894,WITCH HEAD SECTOR HW-W C1-8
1895,WITCH HEAD SECTOR HW-W C1-9
1896,WITCH HEAD SECTOR JC-U B3-0
1897,WITCH HEAD SECTOR LC-V C2-10
1898,WO 9251 B
1899,WOLF 1301
1900,WREDGUIA JH-S B31-2
1901,WREDGUIA JY-G D11-3
1902,WREDGUIA LW-N C6-7
1903,WREDGUIA UB-W C15-0
1904,WREDGUIA VX-L D7-80
1905,WREDGUIA WJ-Y C14-6
1906,WREDGUIA YO-I D9-38
1907,WREDGUIA ZU-X C14-11
1908,WREGOE BB-D C26-25
1909,WREGOE CA-N B34-8
1910,WREGOE CI-G C25-6
1911,WREGOE DA-P C19-1
1912,WREGOE GB-G C26-2
1913,WREGOE GF-R D4-71
1914,WREGOE GF-R D4-92
1915,WREGOE GG-D C13-5
1916,WREGOE GI-P B33-4
1917,WREGOE HH-U C16-31
1918,WREGOE JS-S C17-12
1919,WREGOE JS-S C17-15
1920,WREGOE JS-S C17-3
1921,WREGOE KK-C B40-8
1922,WREGOE KX-V B31-0
1923,WREGOE MD-R C18-12
1924,WREGOE MJ-N B34-1
1925,WREGOE MN-S C17-2
1926,WREGOE MX-L D7-105
1927,WREGOE MX-L D7-50
1928,WREGOE MY-O B33-4
1929,WREGOE NX-L D7-128
1930,WREGOE NX-L D7-50
1931,WREGOE PE-P C19-2
1932,WREGOE QB-F C11-14
1933,WREGOE QD-K D8-113
1934,WREGOE QD-K D8-121
1935,WREGOE QD-K D8-128
1936,WREGOE QD-K D8-134
1937,WREGOE QD-K D8-21
1938,WREGOE QD-K D8-27
1939,WREGOE QD-K D8-34
1940,WREGOE QD-K D8-36
1941,WREGOE QD-K D8-37
1942,WREGOE QD-K D8-38
1943,WREGOE QD-K D8-40
1944,WREGOE QD-K D8-41
1945,WREGOE QD-K D8-42
1946,WREGOE QD-K D8-84
1947,WREGOE QD-K D8-87
1948,WREGOE QK-L B35-3
1949,WREGOE RA-W C15-18
1950,WREGOE RD-K D8-126
1951,WREGOE RD-K D8-19
1952,WREGOE RI-D B28-0
1953,WREGOE RT-Q C18-18
1954,WREGOE RZ-M B34-1
1955,WREGOE RZ-M B34-5
1956,WREGOE SO-I D9-54
1957,WREGOE SU-F C11-1
1958,WREGOE SU-M B34-3
1959,WREGOE TJ-I D9-25
1960,WREGOE UJ-I D9-134
1961,WREGOE UJ-I D9-94
1962,WREGOE UU-M B34-1
1963,WREGOE VF-L B35-2
1964,WREGOE VJ-I D9-146
1965,WREGOE VZ-U B30-3
1966,WREGOE WF-N C20-23
1967,WREGOE WQ-J B36-0
1968,WREGOE WS-F B54-1
1969,WREGOE WV-J B36-0
1970,WREGOE YA-L B35-1
1971,WRUEGNAEI IR-W E1-0
1972,WRUEGNAEI MS-K D8-2
1973,WRUEGNAEI PY-P C19-1
1974,WRUEGNAEI RD-H C24-1
1975,WRUEGNEOU FE-S C4-0
1976,WRUEGNEOU ZW-M C7-0
1977,XEMBEAE BZ-Z D9
1978,XOTHUIA ZJ-E C13-17
1979,YEMAKI
1980,ZEPHYRUS
1981,ZETA CASSIOPEIAE